feature,inferred_type,train_non_null_ratio,test_non_null_ratio,train_numeric_parse_ratio,test_numeric_parse_ratio,train_unique_ratio_non_null,id_like_flag,spearman_with_log_correction,drift_metric_name,drift_metric_value
esg_firma_aenderung__zeitpunkt,numeric,1.0,1.0,1.0,1.0,0.9546673165976115,1,0.004780288052291626,psi_numeric,0.0
esg_firma_kapitel-handelsregister__amtsgericht__bezeichnung,categorical,0.8019741652449427,0.7955781080101486,0.0,0.0,0.01975383680291749,0,,tv_categorical,0.05905835217947562
esg_firma_kapitel-handelsregister__amtsgericht__ort,categorical,0.8019741652449427,0.7955781080101486,0.0,0.0,0.019601884212125817,0,,tv_categorical,0.05893649012731868
esg_firma_steuerungs-daten__crefonummer-mutter-konzern,categorical,0.13989763587618814,0.16274012323305545,0.1347794296855959,0.15694092062341428,0.4076655052264808,0,,tv_categorical,0.05516570103099972
esg_firma_hauptbranche_abteilung_name_english,categorical,1.0,1.0,0.0,0.0,0.009748964172556666,0,,tv_categorical,0.05494450307623281
esg_firma_hauptbranche_abteilung_name_german,categorical,1.0,1.0,0.0,0.0,0.009627102120399708,0,,tv_categorical,0.054093036707818266
mitarbeiter_konzern_anzahl-mitarbeiter-gesamt__wert_intercept,categorical,0.09602729709968316,0.12105835447625951,0.09602729709968316,0.12105835447625951,0.36928934010152287,0,,tv_categorical,0.05272441853161837
mitarbeiter_konzern_avg_mitarbeiter,categorical,0.09602729709968316,0.12105835447625951,0.09602729709968316,0.12105835447625951,0.3680203045685279,0,,tv_categorical,0.052724418531618356
esg_firma_kapitel-standorte__juristischer-sitz__datum-von__:tag,categorical,0.625639775773824,0.6129032258064516,0.625639775773824,0.6129032258064516,0.006038176860148033,0,,tv_categorical,0.05258358592802919
mitarbeiter_konzern_anzahl-mitarbeiter-gesamt__wert_steigung,categorical,0.09602729709968316,0.12105835447625951,0.09602729709968316,0.12105835447625951,0.36548223350253806,0,,tv_categorical,0.052480694427304436
umsatz_konzern_avg_mitarbeiter,categorical,0.09992688276870583,0.11888365349764407,0.09992688276870583,0.11888365349764407,0.37073170731707317,0,,tv_categorical,0.04950761812293214
umsatz_konzern_umsatz-gesamt__wert_intercept,categorical,0.09992688276870583,0.11888365349764407,0.09992688276870583,0.11888365349764407,0.37073170731707317,0,,tv_categorical,0.049507618122932126
umsatz_konzern_umsatz-gesamt__wert_steigung,categorical,0.09992688276870583,0.11888365349764407,0.09992688276870583,0.11888365349764407,0.3670731707317073,0,,tv_categorical,0.04920609898590803
esg_firma_kapitel-handelsregister__register-aufnahme,categorical,0.7891786497684621,0.7883291047480971,0.7891786497684621,0.7883291047480971,0.02794935145151328,0,,tv_categorical,0.049120565871010685
esg_firma_kapitel-standorte__juristischer-sitz__datum-von__:jahr,categorical,0.6359980502071655,0.6248640811888365,0.6359980502071655,0.6248640811888365,0.015136999425177237,0,,tv_categorical,0.04462578191136058
branche_2,categorical,0.6586643919083598,0.6411743385284523,0.6586643919083598,0.6411743385284523,0.15578168362627198,0,,tv_categorical,0.04457202833489264
esg_firma_kapitel-rechtsform-und-gruendung__aktuelle-rechtsform__kurzname-rechtsform,categorical,1.0,1.0,0.0,0.0,0.0042651718254935415,0,,tv_categorical,0.043932550701283164
esg_firma_kapitel-wirtschaftliche-entwicklung__auftragslage,categorical,0.6206434316353887,0.5955056179775281,0.0,0.0,0.0025525230708816024,0,,tv_categorical,0.041589279036891386
esg_firma_kapitel-geschaefts-gegenstand__eingetragener-gegenstand,categorical,0.9943943456007799,0.9956505980427691,0.1573239093346332,0.16382747372236317,0.8242647058823529,0,,tv_categorical,0.0411978982307432
esg_firma_kapitel-rechtsform-und-gruendung__aktuelle-rechtsform__bezeichnung,categorical,1.0,1.0,0.0,0.0,0.004143309773336583,0,,tv_categorical,0.0409408792813045
esg_firma_kapitel-rechtsform-und-gruendung__aktuelle-rechtsform__datum-gruendung__:jahr,categorical,0.25347306848647333,0.25045306270387824,0.25347306848647333,0.25045306270387824,0.03942307692307692,0,,tv_categorical,0.04077266194689357
esg_firma_kapitel-import-export__export-quote__wert,categorical,0.23726541554959785,0.2326930047118521,0.23726541554959785,0.2326930047118521,0.048279404211607604,0,,tv_categorical,0.04045680999510873
esg_firma_governance__beteiligungsdauer__wert,categorical,0.7795515476480624,0.7683943457774556,0.7795515476480624,0.7683943457774556,0.032827888072534,0,,tv_categorical,0.04008797742296785
esg_firma_environmental__abfall__gesamt-anteil-recycelt,categorical,0.4544235924932976,0.4671982602392171,0.4544235924932976,0.4671982602392171,0.09734513274336283,0,,tv_categorical,0.039592048781569404
esg_firma_esg-bewertung__input__abfallrecyclingquote-prozent,categorical,0.4544235924932976,0.4671982602392171,0.4544235924932976,0.4671982602392171,0.09734513274336283,0,,tv_categorical,0.039592048781569404
esg_firma_social__anteil-frauen__kontrollebene,categorical,0.48330489885449673,0.4632113084450888,0.48330489885449673,0.4632113084450888,0.037821482602118005,0,,tv_categorical,0.038109518958934954
branche_3,categorical,0.3326834023884962,0.3287422979340341,0.3326834023884962,0.3287422979340341,0.22380952380952382,0,,tv_categorical,0.03805516910203789
branche_4,categorical,0.14806239337070437,0.1442551649148242,0.14806239337070437,0.1442551649148242,0.3168724279835391,0,,tv_categorical,0.036680455614784085
esg_firma_governance__wirtschaftspruefung__durchfuehrung,categorical,0.8342676090665366,0.8118883653497644,0.0,0.0,0.00029214139643587495,0,,tv_categorical,0.0365337043758238
esg_firma_kapitel-standorte__juristischer-sitz__datum-von__:monat,categorical,0.6311235681208871,0.6194273287422979,0.6311235681208871,0.6194273287422979,0.0023170496234794363,0,,tv_categorical,0.035961672684093185
esg_firma_kapitel-bonitaet__zahlungsweise,categorical,1.0,1.0,0.0,0.0,0.0030465513039239583,0,,tv_categorical,0.03584034065898441
esg_firma_social__anteil-frauen__management,categorical,0.7585912746770656,0.7582457412105835,0.7585912746770656,0.7582457412105835,0.06779116465863454,0,,tv_categorical,0.035251105172648796
esg_firma_esg-bewertung__input__anteil-frauen-fuehrung-prozent,categorical,0.7585912746770656,0.7582457412105835,0.7585912746770656,0.7582457412105835,0.06779116465863454,0,,tv_categorical,0.035251105172648796
esg_firma_hauptbranche_abschnitt_name_english,categorical,1.0,1.0,0.0,0.0,0.002315378990982208,0,,tv_categorical,0.03483200836877375
esg_firma_hauptbranche_abschnitt,categorical,1.0,1.0,0.0,0.0,0.002315378990982208,0,,tv_categorical,0.034832008368773745
esg_firma_hauptbranche_abschnitt_name_german,categorical,1.0,1.0,0.0,0.0,0.002315378990982208,0,,tv_categorical,0.034832008368773745
esg_firma_firma-esg-score-2__archiv-input__pruefungsurteil-stichtag,categorical,0.3523031927857665,0.37586081913736863,0.3523031927857665,0.37586081913736863,0.010722933241093047,0,,tv_categorical,0.03478861240420533
esg_firma_kapitel-rechtsform-und-gruendung__erste-rechtsform__kurzname-rechtsform,categorical,1.0,1.0,0.0,0.0,0.004143309773336583,0,,tv_categorical,0.03453585575561232
esg_firma_kapitel-handelsregister__grund-letzter-eintrag,categorical,0.7099683158664392,0.7107647698441464,0.0,0.0,0.005320974939924477,0,,tv_categorical,0.0336529632001337
esg_firma_kapitel-rechtsform-und-gruendung__aktuelle-rechtsform__datum-gruendung__:tag,categorical,0.25347306848647333,0.25045306270387824,0.25347306848647333,0.25045306270387824,0.014903846153846155,0,,tv_categorical,0.03314440224742069
esg_firma_kapitel-standorte__juristischer-sitz__anschrift__herkunft-qualitaet__herkunft,categorical,0.8124543017304411,0.799565059804277,0.0,0.0,0.0031498425078746064,0,,tv_categorical,0.03290063397418612
esg_firma_kapitel-standorte__juristischer-sitz__postfachadresse__herkunft-qualitaet__zeitpunkt,categorical,0.04813551060199854,0.0612540775643349,0.04813551060199854,0.0612540775643349,0.6278481012658228,0,,tv_categorical,0.03278405010805043
esg_firma_kapitel-standorte__juristischer-sitz__postfachadresse__plz,categorical,0.04813551060199854,0.0612540775643349,0.04813551060199854,0.0612540775643349,0.610126582278481,0,,tv_categorical,0.03235753292550107
esg_firma_firma-esg-score-2__governance__bestaetigungsvermerk,categorical,0.1795028028271996,0.20877129394708227,0.0,0.0,0.0013577732518669382,0,,tv_categorical,0.03195886424744063
esg_firma_firma-esg-score-2__archiv-input__pruefungsurteil-enum,categorical,0.1795028028271996,0.20877129394708227,0.0,0.0,0.0013577732518669382,0,,tv_categorical,0.03195886424744063
esg_firma_kapitel-rechtsform-und-gruendung__erste-rechtsform__bezeichnung,categorical,1.0,1.0,0.0,0.0,0.004021447721179625,0,,tv_categorical,0.03188196615653625
esg_firma_social__kuendigungen__anzahl-quelle,categorical,0.815744577138679,0.7890540050743022,0.0,0.0,0.00134448760083657,0,,tv_categorical,0.03168828543935313
esg_firma_kapitel-firmenidentifikation__anschrift__herkunft-qualitaet__herkunft,categorical,0.8123324396782842,0.800289960130482,0.0,0.0,0.0034503450345034505,0,,tv_categorical,0.03156328739382784
esg_firma_social__unfaelle__anzahl-quelle,categorical,0.9101876675603218,0.9166364624864081,0.0,0.0,0.0012049805864238854,0,,tv_categorical,0.031498314911507105
esg_firma_hauptbranche_abschnitt_gr,categorical,1.0,1.0,0.0,0.0,0.0017060687301974165,0,,tv_categorical,0.031150175478704977
esg_firma_social__kuendigungen__anzahl-durch-mitarbeiter,categorical,0.7769924445527663,0.7589706415367887,0.7769924445527663,0.7589706415367887,0.015056461731493099,0,,tv_categorical,0.030832799699156633
esg_firma_esg-bewertung__input__anzahl-kuendigungen-mitarbeiter,categorical,0.7769924445527663,0.7589706415367887,0.7769924445527663,0.7589706415367887,0.015056461731493099,0,,tv_categorical,0.030832799699156633
esg_firma_unternehmensgroese_by_eu,categorical,1.0,1.0,0.0,0.0,0.0006093102607847916,0,,tv_categorical,0.030225145772897366
esg_firma_environmental__co2-ausstoss-gesamt__emissions-reduktions-jahr,categorical,0.08725322934438216,0.10801014860456687,0.08725322934438216,0.10801014860456687,0.051675977653631286,0,,tv_categorical,0.030136255820028275
esg_firma_firma-esg-score-2__archiv-input__umsatz-jahr,categorical,0.7995369242018036,0.8122508155128669,0.7995369242018036,0.8122508155128669,0.0006096631611034903,0,,tv_categorical,0.03012656074193892
branche_5,categorical,0.06336826712161833,0.07466473359913012,0.06336826712161833,0.07466473359913012,0.40192307692307694,0,,tv_categorical,0.03012481606957207
esg_firma_kapitel-wirtschaftliche-entwicklung__unternehmensentwicklung,categorical,0.73677796734097,0.725625226531352,0.0,0.0,0.0019847833278200462,0,,tv_categorical,0.029213589151477065
esg_firma_kapitel-kapital-struktur__zusatzinfo-struktur-kg__kommanditeinlage__wert,categorical,0.14330977333658299,0.1254077564334904,0.14330977333658299,0.1254077564334904,0.3129251700680272,0,,tv_categorical,0.02920161937397267
esg_firma_environmental__elektrizitaet__anteil-erneuerbar,categorical,0.26212527418961734,0.27836172526277636,0.26212527418961734,0.27836172526277636,0.14225941422594143,0,,tv_categorical,0.02879449234760196
esg_firma_social__anteil-frauen__kontrollebene-quelle,categorical,0.47916158908116013,0.45849945632475536,0.0,0.0,0.002288911495422177,0,,tv_categorical,0.028502116177158743
esg_firma_environmental__erdgas__wert,categorical,0.4880575188886181,0.4744472635012686,0.4880575188886181,0.4744472635012686,0.4237203495630462,0,,tv_categorical,0.02844195810719213
esg_firma_esg-bewertung__input__bilanz-pruefungsurteil,categorical,0.2409212771143066,0.2649510692279812,0.0,0.0,0.0015174506828528073,0,,tv_categorical,0.028142625331741753
esg_firma_firma-esg-score-2__archiv-input__umsatz,categorical,0.7972215452108213,0.8104385646973541,0.7972215452108213,0.8104385646973541,0.5385203301742586,0,,tv_categorical,0.02759612327616432
zertifikate_Umwelt/Nachhaltigkeit,categorical,0.09176212527418962,0.11815875317143892,0.09176212527418962,0.11815875317143892,0.009296148738379814,0,,tv_categorical,0.027249662262348057
esg_firma_kapitel-immobilien__miet-angaben__mietflaeche__wert,categorical,0.47830855471606143,0.474084813338166,0.47830855471606143,0.474084813338166,0.11337579617834395,0,,tv_categorical,0.02690492383643825
fuhrpark_Weitere Fahrzeuge,categorical,0.6424567389714843,0.666908300108735,0.6424567389714843,0.666908300108735,0.002276176024279211,0,,tv_categorical,0.026654486056180947
esg_firma_environmental__abfall__gesamt-quelle,categorical,0.619668535218133,0.6252265313519391,0.0,0.0,0.0017699115044247787,0,,tv_categorical,0.02597154620462206
esg_firma_environmental__co2-ausstoss-gesamt__emissions-reduktions-quote,categorical,0.0865220570314404,0.10438564697354114,0.0865220570314404,0.10438564697354114,0.0676056338028169,0,,tv_categorical,0.02594590614616712
esg_firma_environmental__abfall__gesamt-anteil-recycelt-quelle,categorical,0.4538142822325128,0.4668358100761145,0.0,0.0,0.0024167561761546724,0,,tv_categorical,0.025886830214757253
esg_firma_governance__esg-berichterstattung__extern-quelle,categorical,0.8002680965147453,0.7803552011598405,0.0,0.0,0.0013704888076747374,0,,tv_categorical,0.02586041720019042
fuhrpark_LKW,categorical,0.6423348769193273,0.6647335991301196,0.6423348769193273,0.6647335991301196,0.00474293302978562,0,,tv_categorical,0.025826539638028608
esg_firma_governance__wirtschaftspruefung__durchfuehrung-quelle,categorical,0.8312210577626127,0.8082638637187387,0.0,0.0,0.0014660606949127694,0,,tv_categorical,0.025725083627225993
esg_firma_esg-bewertung__input__abfallmenge-tonnen,categorical,0.593590056056544,0.6034795215657847,0.593590056056544,0.6034795215657847,0.39293779511393967,0,,tv_categorical,0.0255965520680463
mitarbeiter_konzern_anzahl,categorical,0.09602729709968316,0.12105835447625951,0.09602729709968316,0.12105835447625951,0.007614213197969543,0,,tv_categorical,0.025527913565309115
fuhrpark_PKW,categorical,0.6427004630757982,0.6658209496194273,0.6427004630757982,0.6658209496194273,0.0037921880925293893,0,,tv_categorical,0.025445273514716264
fuhrpark_Busse,categorical,0.6427004630757982,0.6676332004349402,0.6427004630757982,0.6676332004349402,0.0007584376185058779,0,,tv_categorical,0.025420185567769774
esg_firma_governance__esg-berichterstattung__intern-quelle,categorical,0.8002680965147453,0.7796303008336354,0.0,0.0,0.0013704888076747374,0,,tv_categorical,0.02536983299819429
esg_firma_environmental__co2-ausstoss-gesamt__wert,categorical,0.4985376553741165,0.4882203696991664,0.4985376553741165,0.4882203696991664,0.5744316792960157,0,,tv_categorical,0.025321445945589025
esg_firma_esg-bewertung__input__co2-emissionen-tonnen,categorical,0.4985376553741165,0.4882203696991664,0.4985376553741165,0.4882203696991664,0.5744316792960157,0,,tv_categorical,0.025321445945589025
fuhrpark_Maschinenfahrzeuge,categorical,0.6427004630757982,0.6676332004349402,0.6427004630757982,0.6676332004349402,0.0011376564277588168,0,,tv_categorical,0.025298323515612862
esg_firma_governance__esg-berichterstattung__durchfuehrung,categorical,0.803923958079454,0.7865168539325843,0.0,0.0,0.00045475216007276033,0,,tv_categorical,0.025089448689715722
fuhrpark_Motorräder,categorical,0.6427004630757982,0.6676332004349402,0.6427004630757982,0.6676332004349402,0.00018960940462646946,0,,tv_categorical,0.024932737359142004
esg_firma_governance__esg-zertifizierungen__zertifikate,categorical,0.09919571045576407,0.11960855382384922,0.054350475262003414,0.07031533164189924,0.7555282555282555,0,,tv_categorical,0.02467777226451499
esg_firma_environmental__co2-ausstoss-gesamt__wert-quelle,categorical,0.4979283451133317,0.4878579195360638,0.0,0.0,0.0022026431718061676,0,,tv_categorical,0.024150505773893802
esg_firma_environmental__abfall__gesamt-wert,categorical,0.6206434316353887,0.6263138818412468,0.6206434316353887,0.6263138818412468,0.40192420969958764,0,,tv_categorical,0.023660429514485486
esg_firma_firma-esg-score-2__archiv-input__pruefungsurteil-konzern,categorical,0.3523031927857665,0.37586081913736863,0.3523031927857665,0.37586081913736863,0.0006918021445866483,0,,tv_categorical,0.023557626351602107
esg_firma_governance__beteiligungsdauer__quelle,categorical,0.7776017548135511,0.7644073939833272,0.0,0.0,0.001567152483936687,0,,tv_categorical,0.023418715096062546
esg_firma_environmental__co2-ausstoss-gesamt__scope-2,categorical,0.18778942237387278,0.20369699166364624,0.18778942237387278,0.20369699166364624,0.7514600908500974,0,,tv_categorical,0.023288703878040096
immobilie_grundstuecksflaeche__wert,categorical,0.05569095783572996,0.06487857919536064,0.05569095783572996,0.06487857919536064,0.6258205689277899,0,,tv_categorical,0.023169491961123924
esg_firma_social__kuendigungen__anzahl-durch-mitarbeiter-quelle,categorical,0.7760175481355106,0.7553461399057629,0.0,0.0,0.001413316582914573,0,,tv_categorical,0.023103304833484484
esg_firma_environmental__co2-ausstoss-elektrizitaet__wert,categorical,0.277845478917865,0.26458861906487857,0.277845478917865,0.26458861906487857,0.37763157894736843,0,,tv_categorical,0.023004300197779538
esg_firma_governance__esg-berichterstattung__durchfuehrung-quelle,categorical,0.8024616134535706,0.7828923523015585,0.0,0.0,0.001366742596810934,0,,tv_categorical,0.022818768646461988
esg_firma_kapitel-rechtsform-und-gruendung__aktuelle-rechtsform__datum-gruendung__:monat,categorical,0.25347306848647333,0.25045306270387824,0.25347306848647333,0.25045306270387824,0.0057692307692307696,0,,tv_categorical,0.022779193293532424
branche_6,categorical,0.029978064830611748,0.035882566147154765,0.029978064830611748,0.035882566147154765,0.483739837398374,0,,tv_categorical,0.022759096434622907
esg_firma_environmental__co2-ausstoss-gesamt__scope-1,categorical,0.19168900804289543,0.20732149329467198,0.19168900804289543,0.20732149329467198,0.8232676414494596,0,,tv_categorical,0.02244216234428135
esg_firma_esg-bewertung__input__berichterstattung,categorical,0.803923958079454,0.7865168539325843,0.0,0.0,0.00030316810671517357,0,,tv_categorical,0.02240349245422571
esg_firma_kapitel-import-export__import-quote__wert,categorical,0.17121618328052646,0.16998912649510692,0.17121618328052646,0.16998912649510692,0.056227758007117434,0,,tv_categorical,0.022279444040495148
umsatz_unternehmen_umsatz-gesamt__wert_steigung,numeric,0.8569339507677309,0.8633562885103299,0.8569339507677309,0.8633562885103299,0.7289533560864618,0,-0.038232497708144346,psi_numeric,0.022124535383885313
drd_max_gewichtetes_vereinbartes_ziel,numeric,0.8179380940775043,0.8039144617615078,0.8179380940775043,0.8039144617615078,0.018772348033373062,0,-0.08389961102779978,psi_numeric,0.02186904219005156
esg_firma_kapitel-rechtsform-und-gruendung__datum-erste-rechtsform__:jahr,categorical,0.054106751157689495,0.04603117071402682,0.054106751157689495,0.04603117071402682,0.21846846846846846,0,,tv_categorical,0.02186684006796005
esg_firma_kapitel-immobilien__miet-angaben__monatsmiete__wert,categorical,0.43456007799171337,0.4305907937658572,0.43456007799171337,0.4305907937658572,0.18227706113292205,0,,tv_categorical,0.02186670756119803
esg_firma_environmental__erdgas__quelle,categorical,0.48696076041920544,0.4726350126857557,0.0,0.0,0.0012512512512512512,0,,tv_categorical,0.021615165557923692
esg_firma_social__anteil-frauen__mitarbeiter-quelle,categorical,0.9048257372654156,0.898876404494382,0.0,0.0,0.0013468013468013469,0,,tv_categorical,0.02140302223189621
esg_firma_kapitel-geschaefts-gegenstand__tatsaechliche-taetigkeit,categorical,0.08286619546673166,0.0721275824574121,0.012429929320009749,0.013048205871692642,0.8573529411764705,0,,tv_categorical,0.021365721578381677
esg_firma_esg-bewertung__input__fluktuationsquote-prozent,categorical,0.10394833048988544,0.11670895251902863,0.10394833048988544,0.11670895251902863,0.3376318874560375,0,,tv_categorical,0.02125980450659032
esg_firma_environmental__co2-ausstoss-gesamt__emissions-reduktions-jahr-quelle,categorical,0.08700950524006824,0.10801014860456687,0.0,0.0,0.0070028011204481795,0,,tv_categorical,0.021253775448917482
umsatz_konzern_anzahl,categorical,0.09992688276870583,0.11888365349764407,0.09992688276870583,0.11888365349764407,0.007317073170731708,0,,tv_categorical,0.021169545317180086
esg_firma_kapitel-branchen__herkunft-qualitaet__herkunft,categorical,0.7571289300511821,0.7593330916998913,0.0,0.0,0.00370191533880573,0,,tv_categorical,0.02111557089610875
esg_firma_social__kuendigungen__fluktuationsquote,categorical,0.10394833048988544,0.11670895251902863,0.10394833048988544,0.11670895251902863,0.3388042203985932,0,,tv_categorical,0.020831719327356814
esg_firma_governance__anzahl-eigentuemer__quelle,categorical,0.8301242992932001,0.8126132656759696,0.0,0.0,0.001467997651203758,0,,tv_categorical,0.02052092471698986
esg_firma_social__anteil-frauen__management-quelle,categorical,0.7539605166951011,0.7509967379485321,0.0,0.0,0.0016162922256343947,0,,tv_categorical,0.020173271142315187
esg_firma_environmental__wasserverbrauch__quelle,categorical,0.99719717280039,0.9952881478796666,0.0,0.0,0.0012220457045093486,0,,tv_categorical,0.02001368883189723
esg_firma_ansprechpartner__name,categorical,0.695954179868389,0.676332004349402,0.0,0.0,0.0001751006828926633,0,,tv_categorical,0.01962217551898704
esg_firma_social__anzahl-mitarbeiter__quelle,categorical,0.9785522788203753,0.9768031895614353,0.0,0.0,0.0012453300124533001,0,,tv_categorical,0.019360032974749405
esg_firma_governance__esg-zertifizierungen__vorhanden,categorical,0.6016329514989033,0.5994925697716564,0.0,0.0,0.00040510431436094796,0,,tv_categorical,0.019259372004519028
esg_firma_environmental__co2-ausstoss-gesamt__emissions-reduktions-quote-quelle,categorical,0.08640019497928345,0.10438564697354114,0.0,0.0,0.007052186177715092,0,,tv_categorical,0.01864807414230362
esg_firma_environmental__co2-reduktionsplaene__risiko-einschaetzung,categorical,0.23994638069705093,0.23595505617977527,0.23994638069705093,0.23595505617977527,0.002031488065007618,0,,tv_categorical,0.018631422459207153
import_anzahl_zeilen_import_länder,categorical,0.1414818425542286,0.13156940920623414,0.1414818425542286,0.13156940920623414,0.008613264427217916,0,,tv_categorical,0.018238054051628316
esg_firma_governance__korruption-richtlinie__quelle,categorical,0.9116500121862052,0.9133744110184849,0.0,0.0,0.0012030477208929287,0,,tv_categorical,0.018205899077373085
esg_firma_governance__compliance-richtlinie__vorhanden,categorical,0.8858152571289301,0.8825661471547662,0.0,0.0,0.00027514100976750583,0,,tv_categorical,0.01793677784366801
esg_firma_kapitel-kapital-struktur__zusatzinfo-struktur-kg__kommanditeinlage__:genauigkeit,categorical,0.14330977333658299,0.1254077564334904,0.0,0.0,0.0008503401360544217,0,,tv_categorical,0.01790201690309258
esg_firma_kapitel-kapital-struktur__zusatzinfo-struktur-kg__kommanditeinlage__waehrung,categorical,0.14330977333658299,0.1254077564334904,0.0,0.0,0.0008503401360544217,0,,tv_categorical,0.01790201690309258
esg_firma_governance__compliance-richtlinie__quelle,categorical,0.8848403607116744,0.8796665458499456,0.0,0.0,0.00123949869164027,0,,tv_categorical,0.01753435480734975
esg_firma_environmental__elektrizitaet__quelle,categorical,0.8523031927857665,0.8452337803552011,0.0,0.0,0.0014297969688304261,0,,tv_categorical,0.0174689406358222
esg_firma_environmental__elektrizitaet__anteil-erneuerbar-quelle,categorical,0.8523031927857665,0.8452337803552011,0.0,0.0,0.0014297969688304261,0,,tv_categorical,0.0174689406358222
zertifikate_Arbeitsschutz/Soziales,categorical,0.027175237631001707,0.044581370061616526,0.027175237631001707,0.044581370061616526,0.013452914798206279,0,,tv_categorical,0.01740613243061483
immobilie_betriebsflaeche__wert,categorical,0.06531805995612966,0.06197897789054005,0.06531805995612966,0.06197897789054005,0.5485074626865671,0,,tv_categorical,0.01729096196994094
esg_firma_environmental__erdgas__einheit,categorical,0.4837923470631245,0.4711852120333454,0.24896417255666586,0.2529902138455962,0.0007556675062972292,0,,tv_categorical,0.017114352540600744
esg_firma_esg-bewertung__bewertung__branchendurchschnitt__esg-score,numeric,1.0,1.0,1.0,1.0,0.011820619059224957,0,0.14806439349428674,psi_numeric,0.017107818362328213
esg_firma_kapitel-handelsregister__registerart,categorical,0.8035583719229832,0.7981152591518667,0.0,0.0,0.001213224143160449,0,,tv_categorical,0.016984628420562687
esg_firma_social__krankheitsquote__wert,categorical,0.03911771874238362,0.051830373323667994,0.03911771874238362,0.051830373323667994,0.4174454828660436,0,,tv_categorical,0.016967292119195704
esg_firma_firma-esg-score-2__branchendurchschnitt__esg-score,numeric,1.0,0.9996375498368975,1.0,0.9996375498368975,0.011820619059224957,0,0.1481134018409262,psi_numeric,0.016414462688883753
esg_firma_environmental__elektrizitaet__wert,numeric,0.8551060199853766,0.849583182312432,0.8551060199853766,0.849583182312432,0.5146073820721105,0,-0.053125160778504474,psi_numeric,0.016396425147365012
drd_mean_belegsumme_pro_lieferenat,numeric,0.8179380940775043,0.8039144617615078,0.8179380940775043,0.8039144617615078,0.8124255065554231,0,-0.05375311982740402,psi_numeric,0.016262813790193356
esg_firma_social__krankheitsquote__quelle,categorical,0.038752132585912744,0.051830373323667994,0.0,0.0,0.018867924528301886,0,,tv_categorical,0.015959467771572866
esg_firma_social__kuendigungen__fluktuationsquote-quelle,categorical,0.10224226175968804,0.11417180137731062,0.0,0.0,0.00834326579261025,0,,tv_categorical,0.015920069094326035
branche_7,categorical,0.01450158420667804,0.019934758970641536,0.01450158420667804,0.019934758970641536,0.5546218487394958,0,,tv_categorical,0.015741494148015553
esg_firma_firma-esg-score-2__archiv-input__umsatz-konzern,categorical,0.7995369242018036,0.8122508155128669,0.7995369242018036,0.8122508155128669,0.00030483158055174517,0,,tv_categorical,0.015623033102750913
esg_firma_environmental__co2-ausstoss-gesamt__scope-2-quelle,categorical,0.18778942237387278,0.20333454150054367,0.0,0.0,0.003244646333549643,0,,tv_categorical,0.015545119126670894
export_anzahl_zeilen_export_länder,categorical,0.19193273214720935,0.18992388546574845,0.19193273214720935,0.18992388546574845,0.006349206349206349,0,,tv_categorical,0.015342472118589691
esg_firma_environmental__co2-ausstoss-gesamt__scope-1-quelle,categorical,0.19168900804289543,0.2069590431315694,0.0,0.0,0.003178639542275906,0,,tv_categorical,0.015270035088673969
esg_firma_governance__korruption-richtlinie__vorhanden,categorical,0.9126249086034609,0.915911562160203,0.0,0.0,0.00026705835224996664,0,,tv_categorical,0.015233860742636787
esg_firma_esg-bewertung__input__korruption-richtlinie,categorical,0.9126249086034609,0.915911562160203,0.0,0.0,0.00026705835224996664,0,,tv_categorical,0.015233860742636787
drd_min_gewichtetes_vereinbartes_ziel,numeric,0.8179380940775043,0.8039144617615078,0.8179380940775043,0.8039144617615078,0.00968414779499404,0,-0.03033619347087545,psi_numeric,0.014910306089424327
esg_firma_governance__wirtschaftspruefung__bestaetigungsvermerk-uneingeschraenkt,categorical,0.14964660004874483,0.16455237404856832,0.0,0.0,0.0016286644951140066,0,,tv_categorical,0.014905773999823506
esg_firma_social__anteil-frauen__fuehrung,categorical,0.07372654155495978,0.08010148604566872,0.07372654155495978,0.08010148604566872,0.07933884297520662,0,,tv_categorical,0.014864961917114856
immobilie_size,categorical,0.11808432854009261,0.130844508880029,0.11808432854009261,0.130844508880029,0.010319917440660475,0,,tv_categorical,0.014725653141289185
esg_firma_social__anteil-frauen__mitarbeiter,numeric,0.9083597367779673,0.9046756071040232,0.9083597367779673,0.9046756071040232,0.10195867990340757,0,0.1390028122782072,psi_numeric,0.014689147359692449
esg_firma_esg-bewertung__input__anteil-frauen-gesamt-prozent,numeric,0.9084815988301242,0.9046756071040232,0.9084815988301242,0.9046756071040232,0.10194500335345406,0,0.13895595668477193,psi_numeric,0.01467989241531534
esg_firma_kapitel-handelsregister__qualitaet-letzter-eintrag__herkunft,categorical,0.8005118206190592,0.7941283073577383,0.0,0.0,0.0009133810321205663,0,,tv_categorical,0.014594427277948045
drd_min_gewichtete_aussenstandsdauer,numeric,0.8179380940775043,0.8039144617615078,0.8179380940775043,0.8039144617615078,0.00968414779499404,0,0.021225696656552384,psi_numeric,0.01459011364075926
zertifikate_Qualitätsmanagement,categorical,0.1748720448452352,0.18774918448713301,0.1748720448452352,0.18774918448713301,0.003484320557491289,0,,tv_categorical,0.014461346319938295
esg_firma_social__unfaelle__anzahl-toedlich-quelle,categorical,0.6946136972946625,0.7006161652772743,0.0,0.0,0.0014035087719298245,0,,tv_categorical,0.014392796155042457
vertriebsweg_Direkter Vertrieb,categorical,0.17962466487935658,0.17252627763682493,0.17962466487935658,0.17252627763682493,0.0027137042062415195,0,,tv_categorical,0.014381444742427623
esg_firma_esg-bewertung__input__durchschnitt-alter-management,numeric,0.9817206921764563,0.9855019934758971,0.9817206921764563,0.9855019934758971,0.06492055610724926,0,-0.02701945019414063,psi_numeric,0.014349423221885895
esg_firma_kapitel-firmenidentifikation__steuernummer,categorical,0.725079210333902,0.7107647698441464,0.0,0.0,0.0001680672268907563,0,,tv_categorical,0.014314440489755609
esg_firma_kapitel-bonitaet__krediturteil,categorical,1.0,1.0,0.0,0.0,0.0010967584694126249,0,,tv_categorical,0.014167578828493559
esg_firma_social__fortbildungskosten__wert,categorical,0.03899585669022666,0.04566872055092425,0.03899585669022666,0.04566872055092425,0.54375,0,,tv_categorical,0.014138029820558493
esg_firma_esg-bewertung__input__elektrizitaetsverbrauch-kwh,numeric,0.8548622958810627,0.8488582819862269,0.8548622958810627,0.8488582819862269,0.4956521739130435,0,-0.035883613077001615,psi_numeric,0.014100075372461312
esg_firma_environmental__co2-ausstoss-elektrizitaet__quelle,categorical,0.2769924445527663,0.2635012685755709,0.0,0.0,0.002199736031676199,0,,tv_categorical,0.014047174350719081
drd_gewichtete-aussenstandsdauer_steigung,numeric,0.8179380940775043,0.8039144617615078,0.8179380940775043,0.8039144617615078,0.8085518474374255,0,0.09620285302192808,psi_numeric,0.013842078491302834
esg_firma_kapitel-handelsregister__amtsgericht__plz,numeric,0.8019741652449427,0.7955781080101486,0.8019741652449427,0.7955781080101486,0.01975383680291749,0,0.04639926356060864,psi_numeric,0.013633808025932878
drd_mean_gewichtetes_vereinbartes_ziel,numeric,0.8179380940775043,0.8039144617615078,0.8179380940775043,0.8039144617615078,0.6691001191895113,0,-0.10632785350387979,psi_numeric,0.01337739027838433
esg_firma_esg-bewertung__bewertung__social__neo-oekologisches-milieu,numeric,0.9907384840360711,0.9855019934758971,0.9907384840360711,0.9855019934758971,0.012300123001230012,0,0.0968825996083506,psi_numeric,0.013326641044364835
esg_firma_firma-esg-score-2__esg-score,numeric,1.0,0.9996375498368975,1.0,0.9996375498368975,0.306970509383378,0,0.15709209609070618,psi_numeric,0.013298054718393194
esg_firma_firma-esg-score-2__archiv-input__durchschnitt-beteiligungsdauer-kontrollebene,numeric,0.868388983670485,0.8702428416092787,0.868388983670485,0.8702428416092787,0.05907942744877912,0,-0.11074134478158285,psi_numeric,0.013281940525394106
esg_firma_firma-esg-score-2__governance__durchschnitt-beteiligungsdauer-kontrollebene,numeric,0.868388983670485,0.8698803914461761,0.868388983670485,0.8698803914461761,0.05907942744877912,0,-0.11074134478158285,psi_numeric,0.013264738148713016
esg_firma_firma-esg-score-2__governance__durchschnitt-beteiligungsdauer-kontrollebene-punktwert,numeric,0.868388983670485,0.8698803914461761,0.868388983670485,0.8698803914461761,0.009121526803255684,0,-0.11056922635779508,psi_numeric,0.013263260938959064
esg_firma_kapitel-handelsregister__amtsgericht__land-iso-code,categorical,0.8019741652449427,0.7955781080101486,0.0,0.0,0.000455857772375019,0,,tv_categorical,0.013223026459745327
esg_firma_kapitel-standorte__juristischer-sitz__postfachadresse__land-iso-code,categorical,0.04813551060199854,0.0612540775643349,0.0,0.0,0.002531645569620253,0,,tv_categorical,0.013118566962336368
esg_firma_kapitel-standorte__juristischer-sitz__postfachadresse__postfach,categorical,0.04813551060199854,0.0612540775643349,0.0,0.0,0.002531645569620253,0,,tv_categorical,0.013118566962336368
esg_firma_social__fortbildungskosten__quelle,categorical,0.038752132585912744,0.04530627038782167,0.0,0.0,0.015723270440251572,0,,tv_categorical,0.013084954413698661
esg_firma_firma-esg-score-2__social__anteil-neo-oekologisches-milieu,numeric,0.9908603460882281,0.9855019934758971,0.9908603460882281,0.9855019934758971,0.012298610257040954,0,0.09629273524466943,psi_numeric,0.012988758776688926
esg_firma_firma-esg-score-2__archiv-input__durchschnitt-alter-management,numeric,0.9820862783329272,0.9851395433127945,0.9820862783329272,0.9851395433127945,0.06328328576746495,0,-0.02716335993458717,psi_numeric,0.012913441914626886
esg_firma_firma-esg-score-2__governance__durchschnitt-alter-management,numeric,0.9820862783329272,0.9847770931496919,0.9820862783329272,0.9847770931496919,0.06328328576746495,0,-0.02716335993458717,psi_numeric,0.01278882155854904
esg_firma_governance__wirtschaftspruefung__bestaetigungsvermerk-eingeschraenkt-quelle,categorical,0.6233243967828418,0.615077926785067,0.0,0.0,0.0017595307917888563,0,,tv_categorical,0.012775109435126325
esg_firma_esg-bewertung__bewertung__governance__durchschnitt-alter-management,numeric,1.0,1.0,1.0,1.0,0.010601998537655375,0,-0.02897270303442198,psi_numeric,0.012767833343866657
esg_firma_firma-esg-score-2__governance__durchschnitt-alter-management-punktwert,numeric,0.9820862783329272,0.9847770931496919,0.9820862783329272,0.9847770931496919,0.011167638664846755,0,-0.027226923793403024,psi_numeric,0.012746938570918739
postfach_anzahl_postfachadresse,categorical,0.04862295881062637,0.0612540775643349,0.04862295881062637,0.0612540775643349,0.002506265664160401,0,,tv_categorical,0.012631118753708506
esg_firma_governance__esg-zertifizierungen__zertifikate-kenntnis,categorical,0.34486960760419205,0.33707865168539325,0.0,0.0,0.0007067137809187279,0,,tv_categorical,0.01242719084692754
esg_firma_governance__wirtschaftspruefung__bestaetigungsvermerk-uneingeschraenkt-quelle,categorical,0.6045576407506702,0.6005799202609641,0.0,0.0,0.0018141503729086877,0,,tv_categorical,0.012252723610240377
import_Europa,categorical,0.12027784547891786,0.11562160202972091,0.12027784547891786,0.11562160202972091,0.010131712259371834,0,,tv_categorical,0.012179447370831726
drd_max_gewichtete_aussenstandsdauer,numeric,0.8179380940775043,0.8039144617615078,0.8179380940775043,0.8039144617615078,0.02800953516090584,0,-0.00023390966825905817,psi_numeric,0.012135778709362523
immobilie_wert,categorical,0.03265902997806483,0.03515766582094962,0.03265902997806483,0.03515766582094962,0.6343283582089553,0,,tv_categorical,0.012021344719256599
esg_firma_social__anzahl-mitarbeiter__wert,numeric,0.9812332439678284,0.9811525915186662,0.9812332439678284,0.9811525915186662,0.1552409339294585,0,-0.06964923190098878,psi_numeric,0.011999400476907408
esg_firma_firma-esg-score-2__branchendurchschnitt__e-score,numeric,1.0,0.9996375498368975,1.0,0.9996375498368975,0.009992688276870583,0,0.17824702333226988,psi_numeric,0.011728986724820286
esg_firma_kapitel-standorte__juristischer-sitz__postfachadresse__ort,categorical,0.04776992444552766,0.059441826748822035,0.0,0.0,0.002551020408163265,0,,tv_categorical,0.011671902303294387
esg_firma_esg-bewertung__bewertung__environmental__elektrizitaetsverbrauch-pro-kopf,numeric,1.0,1.0,1.0,1.0,0.012308067267852791,0,-0.047082058029817506,psi_numeric,0.011651480158264685
esg_firma_esg-bewertung__bewertung__branchendurchschnitt__e-score,numeric,1.0,1.0,1.0,1.0,0.009992688276870583,0,0.1785909724662265,psi_numeric,0.011513518949398338
esg_firma_social__unfaelle__anzahl-toedlich,categorical,0.7000974896417256,0.7104023196810438,0.7000974896417256,0.7104023196810438,0.001392515230635335,0,,tv_categorical,0.011279726456573944
umsatz_unternehmen_umsatz-gesamt__wert_intercept,numeric,0.8569339507677309,0.8633562885103299,0.8569339507677309,0.8633562885103299,0.7724687144482366,0,-0.06405937856225397,psi_numeric,0.011253832005633685
esg_firma_kapitel-standorte__verwaltung__anschrift__plz,categorical,0.01389227394589325,0.015585357013410656,0.01389227394589325,0.015585357013410656,0.7982456140350878,0,,tv_categorical,0.011203027125812642
esg_firma_kapitel-standorte__verwaltung__anschrift__herkunft-qualitaet__zeitpunkt,categorical,0.01389227394589325,0.015585357013410656,0.01389227394589325,0.015585357013410656,0.8333333333333334,0,,tv_categorical,0.011020234047577206
zertifikate_IT/Informationssicherheit,categorical,0.024250548379234706,0.032620514679231605,0.024250548379234706,0.032620514679231605,0.01507537688442211,0,,tv_categorical,0.010935341382029666
esg_firma_esg-bewertung__input__anzahl-mitarbeiter,numeric,1.0,1.0,1.0,1.0,0.1554959785522788,0,-0.06584426609025212,psi_numeric,0.010859996466091296
esg_firma_firma-esg-score-2__environmental__score,numeric,1.0,0.9996375498368975,1.0,0.9996375498368975,0.46648793565683644,0,0.189604806480121,psi_numeric,0.010855890449544447
esg_firma_environmental__elektrizitaet__einheit,categorical,0.8532780892030222,0.8466835810076114,0.0,0.0,0.0004284490145672665,0,,tv_categorical,0.010719929555871753
export_Europa,categorical,0.16000487448208628,0.1660021747009786,0.16000487448208628,0.1660021747009786,0.007616146230007616,0,,tv_categorical,0.010678631615035758
drd_anzahl_lieferanten,numeric,0.8179380940775043,0.8039144617615078,0.8179380940775043,0.8039144617615078,0.36174016686531585,0,-0.11166875502775521,psi_numeric,0.010533269029957612
umsatz_unternehmen_avg_mitarbeiter,numeric,0.8569339507677309,0.8633562885103299,0.8569339507677309,0.8633562885103299,0.7383390216154722,0,-0.05928708561705423,psi_numeric,0.01052026203824244
esg_firma_esg-bewertung__bewertung__governance__score,numeric,1.0,1.0,1.0,1.0,0.3915427735803071,0,-0.08520097408424088,psi_numeric,0.010505527885637014
esg_firma_kapitel-immobilien__weitere-immobilien__verkehrswert__wert,categorical,0.009139653911771874,0.012685755708590069,0.009139653911771874,0.012685755708590069,0.5333333333333333,0,,tv_categorical,0.010382920691081097
esg_firma_kapitel-fuhrpark__anzahl-gesamt__wert,categorical,0.012917377528637582,0.018484958318231243,0.012917377528637582,0.018484958318231243,0.3584905660377358,0,,tv_categorical,0.010159359699057747
drd_summe-belege_intercept,numeric,0.8179380940775043,0.8039144617615078,0.8179380940775043,0.8039144617615078,0.817342073897497,0,-0.07805884283276852,psi_numeric,0.010085994947610385
esg_firma_esg-bewertung__bewertung__environmental__abfallrecyclingquote,numeric,1.0,1.0,1.0,1.0,0.044601511089446745,0,0.09425564307887602,psi_numeric,0.010036797726022046
esg_firma_ansprechpartner__telefon,categorical,0.1991225932244699,0.1891989851395433,0.0,0.0,0.0006119951040391676,0,,tv_categorical,0.009923608084926566
esg_firma_esg-bewertung__bewertung__social__weibliche-beschaeftigte,numeric,1.0,1.0,1.0,1.0,0.0833536436753595,0,0.0056477963758256085,psi_numeric,0.009872877532659662
drd_median_gewichtetes_vereinbartes_ziel,numeric,0.8179380940775043,0.8039144617615078,0.8179380940775043,0.8039144617615078,0.017878426698450536,0,-0.11246998613134067,psi_numeric,0.009794188978783609
esg_firma_ansprechpartner__mail,categorical,0.666829149402876,0.6571221457049655,0.0,0.0,0.0001827485380116959,0,,tv_categorical,0.009707003697910416
drd_gewichtetes-vereinbartes-ziel_steigung,numeric,0.8179380940775043,0.8039144617615078,0.8179380940775043,0.8039144617615078,0.7878426698450537,0,0.07170000856616775,psi_numeric,0.0096154037003799
esg_firma_kapitel-firmenidentifikation__anschrift__herkunft-qualitaet__zeitpunkt,numeric,1.0,1.0,1.0,1.0,0.8371922983183037,0,0.07647069010499061,psi_numeric,0.009613553458404157
export_Weltweit,categorical,0.026565927370216916,0.01703515766582095,0.026565927370216916,0.01703515766582095,0.0045871559633027525,0,,tv_categorical,0.009530769704395946
esg_firma_esg-bewertung__bewertung__branchendurchschnitt__g-score,numeric,1.0,1.0,1.0,1.0,0.01084572264196929,0,-0.27229099853312344,psi_numeric,0.009515963896526024
mitarbeiter_unternehmen_avg_mitarbeiter,numeric,0.9586887643187911,0.9543312794490757,0.9586887643187911,0.9543312794490757,0.1700775390873268,0,-0.10170059152800176,psi_numeric,0.009467986494412155
branche_8,categorical,0.010601998537655375,0.011598405219282348,0.010601998537655375,0.011598405219282348,0.5057471264367817,0,,tv_categorical,0.009408024273825377
drd_gewichtetes-vereinbartes-ziel_intercept,numeric,0.8179380940775043,0.8039144617615078,0.8179380940775043,0.8039144617615078,0.7272050059594756,0,-0.11064407391245668,psi_numeric,0.00933160554305146
mitarbeiter_unternehmen_anzahl-mitarbeiter-gesamt__wert_intercept,numeric,0.9586887643187911,0.9543312794490757,0.9586887643187911,0.9543312794490757,0.6014999364433711,0,-0.10221069818127436,psi_numeric,0.009312581049230318
esg_firma_environmental__co2-reduktionsplaene__risiko-einschaetzung-quelle,categorical,0.4780648306117475,0.48133381660021746,0.0,0.0,0.0015294417537598777,0,,tv_categorical,0.009299722080317272
esg_firma_firma-esg-score-2__branchendurchschnitt__g-score,numeric,1.0,0.9996375498368975,1.0,0.9996375498368975,0.01084572264196929,0,-0.2709199226636215,psi_numeric,0.009258492132482365
esg_firma_kapitel-standorte__juristischer-sitz__postfachadresse__herkunft-qualitaet__herkunft,categorical,0.01888861808432854,0.024284160927872417,0.0,0.0,0.07741935483870968,0,,tv_categorical,0.009257938281353755
esg_firma_firma-esg-score-2__environmental__elektrizitaetsverbrauch,numeric,1.0,0.9996375498368975,1.0,0.9996375498368975,0.014135998050207165,0,0.27619133791099154,psi_numeric,0.009247576204658804
esg_firma_environmental__co2-reduktionsplaene__chancen-einschaetzung-quelle,categorical,0.47818669266390446,0.48133381660021746,0.0,0.0,0.0015290519877675841,0,,tv_categorical,0.009177860028160326
esg_firma_governance__esg-zertifizierungen__vorhanden-quelle,categorical,0.5984645381428223,0.5944182674882204,0.0,0.0,0.0016289961311341885,0,,tv_categorical,0.009018454393425095
esg_firma_lieferung_type,categorical,1.0,1.0,0.0,0.0,0.00024372410431391665,0,,tv_categorical,0.008896901523712974
drd_summe_belege,numeric,0.8179380940775043,0.8039144617615078,0.8179380940775043,0.8039144617615078,0.8155542312276519,0,-0.0928805101518804,psi_numeric,0.008815310683880183
esg_firma_governance__esg-zertifizierungen__zertifikate-kenntnis-quelle,categorical,0.5661710943212284,0.5625226531351939,0.0,0.0,0.0019371502367628067,0,,tv_categorical,0.008755914328901389
esg_firma_kapitel-import-export__export,categorical,0.9087253229344382,0.9115621602029721,0.0,0.0,0.0004023065575968888,0,,tv_categorical,0.008753308362581261
esg_firma_environmental__abfall__gesamt-einheit,categorical,0.619668535218133,0.6241391808626314,0.0,0.0,0.00039331366764995085,0,,tv_categorical,0.008689660947880918
esg_firma_firma-esg-score-2__social__score,numeric,1.0,0.9996375498368975,1.0,0.9996375498368975,0.3134291981476968,0,0.0519399390432665,psi_numeric,0.008652403666032236
esg_firma_governance__esg-berichterstattung__intern,categorical,0.36558615647087495,0.3646248640811888,0.0,0.0,0.0006666666666666666,0,,tv_categorical,0.008626543560228753
produkte_Maschinen- & Anlagenbau,categorical,0.029978064830611748,0.03552011598405219,0.029978064830611748,0.03552011598405219,0.032520325203252036,0,,tv_categorical,0.008619962391047462
esg_firma_firma-esg-score-2__archiv-input__anzahl-mitarbeiter,numeric,0.9463806970509383,0.9525190286335629,0.9463806970509383,0.9525190286335629,0.08009271182075714,0,-0.031638895596167296,psi_numeric,0.008533824491538392
esg_firma_firma-esg-score-2__archiv-input__gemeindeschluessel-plz,numeric,0.9908603460882281,0.9858644436389996,0.9908603460882281,0.9858644436389996,0.3523551838642233,0,0.08592426194815819,psi_numeric,0.008493603962029124
drd_summe-belege_steigung,numeric,0.8179380940775043,0.8039144617615078,0.8179380940775043,0.8039144617615078,0.8162991656734208,0,-0.03590979496087349,psi_numeric,0.00846094929135531
esg_firma_kapitel-standorte__juristischer-sitz__anschrift__herkunft-qualitaet__zeitpunkt,numeric,1.0,1.0,1.0,1.0,0.8371922983183037,0,0.07653277485366834,psi_numeric,0.008450839377297787
drd_anzahl-lieferanten_steigung,numeric,0.8179380940775043,0.8039144617615078,0.8179380940775043,0.8039144617615078,0.7599821215733016,0,-0.06034888649641681,psi_numeric,0.008422084724143708
esg_firma_environmental__co2-reduktionsplaene__chancen-einschaetzung,categorical,0.24189617353156226,0.23921710764769843,0.24189617353156226,0.23921710764769843,0.0020151133501259445,0,,tv_categorical,0.008295497499729892
mitarbeiter_unternehmen_anzahl-mitarbeiter-gesamt__wert_steigung,numeric,0.9586887643187911,0.9543312794490757,0.9586887643187911,0.9543312794490757,0.5994661243167663,0,0.009472493986349516,psi_numeric,0.008282334593156694
esg_firma_social__anteil-frauen__fuehrung-quelle,categorical,0.06946136972946625,0.07647698441464298,0.0,0.0,0.015789473684210527,0,,tv_categorical,0.008237812889321433
drd_drdindex_intercept,numeric,0.8179380940775043,0.8039144617615078,0.8179380940775043,0.8039144617615078,0.7915673420738975,0,0.1627889260368574,psi_numeric,0.008198158441469516
esg_firma_kapitel-firmenidentifikation__anschrift__ortsteil,categorical,0.5435047526200342,0.5516491482421167,0.0,0.0,0.0002242152466367713,0,,tv_categorical,0.008144395622082579
dfo-firmen-daten__steuerungs-daten__crefonummer,numeric,1.0,1.0,0.9633195223007556,0.9655672345052555,0.8373141603704607,0,0.0032099375575860237,psi_numeric,0.008085787055410224
esg_firma_esg-bewertung__bewertung__environmental__co2-emissionen-pro-kopf,numeric,1.0,1.0,1.0,1.0,0.01157689495491104,0,-0.18531659665214523,psi_numeric,0.007994596003886854
esg_firma_kapitel-branchen__herkunft-qualitaet__zeitpunkt,numeric,0.9991469656349012,0.9996375498368975,0.9991469656349012,0.9996375498368975,0.8371752652762532,0,0.08049562341468441,psi_numeric,0.00798237987956455
esg_firma_firma-esg-score-2__governance__score,numeric,1.0,0.9996375498368975,1.0,0.9996375498368975,0.28930051182061906,0,-0.04200092853947862,psi_numeric,0.00794464449498931
drd_anzahl-lieferanten_intercept,numeric,0.8179380940775043,0.8039144617615078,0.8179380940775043,0.8039144617615078,0.6685041716328963,0,-0.11600026813678056,psi_numeric,0.007920932990934298
drd_anzahl-belege_intercept,numeric,0.8179380940775043,0.8039144617615078,0.8179380940775043,0.8039144617615078,0.7756257449344458,0,-0.11042976544517201,psi_numeric,0.00790679378612967
esg_firma_esg-bewertung__bewertung__environmental__wasserverbrauch-pro-kopf,numeric,1.0,1.0,1.0,1.0,0.012308067267852791,0,-0.6902473112181242,psi_numeric,0.00788382725051012
esg_firma_kapitel-bonitaet__kreditlimit__:genauigkeit,categorical,0.9363880087740678,0.9441826748822036,0.0,0.0,0.0001301405517959396,0,,tv_categorical,0.007794666108135888
esg_firma_kapitel-bonitaet__kreditlimit__waehrung,categorical,0.9363880087740678,0.9441826748822036,0.0,0.0,0.0001301405517959396,0,,tv_categorical,0.007794666108135888
esg_firma_kapitel-firmenidentifikation__anschrift__plz,numeric,1.0,1.0,1.0,1.0,0.3541311235681209,0,0.07825632915022489,psi_numeric,0.007749367594492022
esg_firma_esg-bewertung__bewertung__branchendurchschnitt__s-score,numeric,1.0,1.0,1.0,1.0,0.011820619059224957,0,0.060858788407774894,psi_numeric,0.007596262428114885
esg_firma_governance__wirtschaftspruefung__bestaetigungsvermerk-eingeschraenkt,categorical,0.09395564221301486,0.09822399420079739,0.0,0.0,0.0025940337224383916,0,,tv_categorical,0.0075908707081170194
esg_firma_steuerungs-daten__eigner-vc,numeric,1.0,1.0,1.0,1.0,0.017182549354131122,0,0.14226974663269878,psi_numeric,0.007590234217236035
esg_firma_esg-bewertung__input__anteil-frauen-fuehrung-ohne-mittleres-management-prozent,numeric,0.9913477942968559,0.9920260964117433,0.9913477942968559,0.9920260964117433,0.008973570989551321,0,0.05135981871235722,psi_numeric,0.007553399847905607
esg_firma_environmental__wasserverbrauch__wert,numeric,1.0,1.0,1.0,1.0,0.35327808920302217,0,0.44423800629961996,psi_numeric,0.007539202063712424
esg_firma_steuerungs-daten__anzahl-nachtragspflichtige-auftraege,numeric,0.9993906897392152,0.9992750996737948,0.9993906897392152,0.9992750996737948,0.015242043653213022,0,-0.11748942552804154,psi_numeric,0.007537649388528973
esg_firma_governance__esg-zertifizierungen__zertifikate-quelle,categorical,0.5638557153302461,0.5621602029720913,0.0,0.0,0.0019451048195374973,0,,tv_categorical,0.007409159768438209
esg_firma_branchencode-2-stellig,numeric,1.0,1.0,1.0,1.0,0.009627102120399708,0,0.3734098055826521,psi_numeric,0.007393204065303364
esg_firma_firma-esg-score-2__environmental__risiko-temperaturaenderung,numeric,0.9908603460882281,0.9855019934758971,0.9908603460882281,0.9855019934758971,0.02127659574468085,0,0.027411355426333293,psi_numeric,0.007357981577053144
esg_firma_esg-bewertung__bewertung__environmental__pendler-kilometer,numeric,0.9907384840360711,0.9855019934758971,0.9907384840360711,0.9855019934758971,0.012300123001230012,0,-0.053540883619816244,psi_numeric,0.007310932930671678
esg_firma_esg-bewertung__bewertung__social__pendler-kilometer,numeric,0.9907384840360711,0.9855019934758971,0.9907384840360711,0.9855019934758971,0.012300123001230012,0,-0.053540883619816244,psi_numeric,0.007310932930671678
esg_firma_kapitel-standorte__juristischer-sitz__anschrift__ortsteil,categorical,0.5371679259078723,0.5444001449800653,0.0,0.0,0.00022686025408348456,0,,tv_categorical,0.007232219072192958
esg_firma_adresse__land,categorical,0.9998781379478431,0.9996375498368975,0.0,0.0,0.00036563071297989033,0,,tv_categorical,0.007186283394685423
esg_firma_environmental__co2-reduktionsplaene__chancen-oder-risiken-quelle,categorical,0.4837923470631245,0.48423341790503804,0.0,0.0,0.0017632241813602015,0,,tv_categorical,0.00708111719454562
esg_firma_esg-bewertung__bewertung__governance__durchschnitt-beteiligungsdauer,numeric,1.0,1.0,1.0,1.0,0.007921033390202292,0,-0.14902972061778502,psi_numeric,0.007051854241546795
esg_firma_firma-esg-score-2__environmental__pendler-personenkilometer,numeric,0.9908603460882281,0.9855019934758971,0.9908603460882281,0.9855019934758971,0.012298610257040954,0,-0.054544774859554494,psi_numeric,0.007045890987518481
esg_firma_firma-esg-score-2__social__pendler-personenkilometer,numeric,0.9908603460882281,0.9855019934758971,0.9908603460882281,0.9855019934758971,0.012298610257040954,0,-0.054544774859554494,psi_numeric,0.007045890987518481
esg_firma_esg-bewertung__bewertung__environmental__temperaturaenderung,numeric,0.9907384840360711,0.9855019934758971,0.9907384840360711,0.9855019934758971,0.02127921279212792,0,0.02701560292019403,psi_numeric,0.00701568156398668
esg_firma_esg-bewertung__bewertung__esg-score,numeric,1.0,1.0,1.0,1.0,0.4084815988301243,0,-0.2976692777911905,psi_numeric,0.006962586556198655
esg_firma_steuerungs-daten__land-iso-code,categorical,1.0,1.0,0.0,0.0,0.000365586156470875,0,,tv_categorical,0.006945695283739858
esg_firma_kapitel-firmenidentifikation__anschrift__land-iso-code,categorical,1.0,1.0,0.0,0.0,0.000365586156470875,0,,tv_categorical,0.006945695283739858
esg_firma_kapitel-standorte__juristischer-sitz__anschrift__land-iso-code,categorical,1.0,1.0,0.0,0.0,0.000365586156470875,0,,tv_categorical,0.006945695283739858
esg_firma_firma-esg-score-2__governance__anteil-frauen-kontrollebene,numeric,0.8569339507677309,0.8535701341065604,0.8569339507677309,0.8535701341065604,0.006968145620022753,0,0.10028743061498657,psi_numeric,0.0068554031136503
esg_firma_firma-esg-score-2__archiv-input__anteil-frauen-kontrollebene,numeric,0.8569339507677309,0.8535701341065604,0.8569339507677309,0.8535701341065604,0.006968145620022753,0,0.10028743061498657,psi_numeric,0.0068554031136503
esg_firma_kapitel-import-export__export-quote__:genauigkeit,categorical,0.23726541554959785,0.2326930047118521,0.0,0.0,0.0025680534155110425,0,,tv_categorical,0.00682820595473021
esg_firma_kapitel-bonitaet__kreditlimit__wert,numeric,0.9363880087740678,0.9441826748822036,0.9363880087740678,0.9441826748822036,0.04255596043727226,0,-0.05973306619762081,psi_numeric,0.0067438018251179885
esg_firma_firma-esg-score-2__branchendurchschnitt__s-score,numeric,1.0,0.9996375498368975,1.0,0.9996375498368975,0.011820619059224957,0,0.05995289270988033,psi_numeric,0.006718566759219338
zertifikate_Produktsicherheit/Branchenspezifisch,categorical,0.11089446746283207,0.11525915186661834,0.11089446746283207,0.11525915186661834,0.007692307692307693,0,,tv_categorical,0.006636601176819091
drd_mean_gewichtete_aussenstandsdauer,numeric,0.8179380940775043,0.8039144617615078,0.8179380940775043,0.8039144617615078,0.7339094159713945,0,0.016341952082211206,psi_numeric,0.006607669820689189
esg_firma_firma-esg-score-2__environmental__co2-emissionen,numeric,1.0,0.9996375498368975,1.0,0.9996375498368975,0.009992688276870583,0,0.0933058050783625,psi_numeric,0.006597139510885241
drd_anzahl_belege,numeric,0.8179380940775043,0.8039144617615078,0.8179380940775043,0.8039144617615078,0.6112932061978545,0,-0.11817787941691794,psi_numeric,0.006594338739875516
esg_firma_adresse__plz,numeric,0.9998781379478431,1.0,0.9998781379478431,1.0,0.35405240706886043,0,0.07813442080384614,psi_numeric,0.006508479181659919
esg_firma_environmental__photovoltaik__wert,categorical,0.014379722154521083,0.013773106197897789,0.014379722154521083,0.013773106197897789,0.576271186440678,0,,tv_categorical,0.00649945667810669
esg_firma_kapitel-handelsregister__registernummer,categorical,0.8019741652449427,0.7955781080101486,0.0,0.0,0.000151952590791673,0,,tv_categorical,0.0063960572347940975
drd_mean_belegsumme_pro_beleg,numeric,0.8179380940775043,0.8039144617615078,0.8179380940775043,0.8039144617615078,0.8116805721096544,0,0.004355276267819187,psi_numeric,0.006380043490679832
esg_firma_kapitel-standorte__verwaltung__datum-von__:tag,categorical,0.005849378503534,0.007611453425154041,0.005849378503534,0.007611453425154041,0.4166666666666667,0,,tv_categorical,0.006274106844795811
drd_median_gewichtete_aussenstandsdauer,numeric,0.8179380940775043,0.8039144617615078,0.8179380940775043,0.8039144617615078,0.020411203814064364,0,0.010250045783034041,psi_numeric,0.006246975314317502
produkte_Bau & Baustoffe,categorical,0.021935169388252497,0.016672707502718376,0.021935169388252497,0.016672707502718376,0.044444444444444446,0,,tv_categorical,0.006187182408896917
vertriebsweg_Digitaler Vertrieb,categorical,0.17036314891542773,0.16418992388546574,0.17036314891542773,0.16418992388546574,0.002145922746781116,0,,tv_categorical,0.006173225029961985
drd_anzahl-belege_steigung,numeric,0.8179380940775043,0.8039144617615078,0.8179380940775043,0.8039144617615078,0.8006555423122765,0,-0.059989246946444204,psi_numeric,0.006104178399996863
drd_gewichtete-aussenstandsdauer_intercept,numeric,0.8179380940775043,0.8039144617615078,0.8179380940775043,0.8039144617615078,0.7945470798569726,0,0.014315844818208195,psi_numeric,0.006096195097043744
fax_anzahl_fax,categorical,0.7322690714111626,0.738310982239942,0.7322690714111626,0.738310982239942,0.0004992511233150275,0,,tv_categorical,0.006041910828779426
esg_firma_esg-bewertung__bewertung__environmental__abfallmenge-pro-kopf,numeric,1.0,1.0,1.0,1.0,0.012308067267852791,0,0.029651466679375817,psi_numeric,0.006032973199954683
esg_firma_kapitel-rechtsform-und-gruendung__erste-rechtsform__datum-gruendung__:jahr,categorical,0.008530343650987083,0.004711852120333454,0.008530343650987083,0.004711852120333454,0.34285714285714286,0,,tv_categorical,0.005977512542427553
"produkte_Chemie, Kunststoffe & Materialien",categorical,0.012551791372166707,0.01703515766582095,0.012551791372166707,0.01703515766582095,0.04854368932038835,0,,tv_categorical,0.005951982906274379
vertriebsweg_Indirekter Vertrieb,categorical,0.09164026322203266,0.08771293947082276,0.09164026322203266,0.08771293947082276,0.003989361702127659,0,,tv_categorical,0.005945225061410236
esg_firma_steuerungs-daten__personenstatus,categorical,1.0,1.0,0.0,0.0,0.0008530343650987082,0,,tv_categorical,0.005942574926169465
drd_mean_drdindex,numeric,0.8179380940775043,0.8039144617615078,0.8179380940775043,0.8039144617615078,0.7628128724672228,0,0.17234881798481444,psi_numeric,0.0059286736562867435
branche_1,numeric,1.0,1.0,1.0,1.0,0.11552522544479649,0,0.24454085535540745,psi_numeric,0.005906812710647689
esg_firma_kapitel-rechtsform-und-gruendung__erste-rechtsform__datum-gruendung__:tag,categorical,0.008530343650987083,0.004711852120333454,0.008530343650987083,0.004711852120333454,0.3142857142857143,0,,tv_categorical,0.005865058470375499
esg_firma_kapitel-handelsregister__letzter-eintrag,numeric,0.8006336826712162,0.7955781080101486,0.8006336826712162,0.7955781080101486,0.39056316590563167,0,0.162436650302719,psi_numeric,0.00581960517375745
esg_firma_kapitel-fuhrpark__anzahl-gesamt__:genauigkeit,categorical,0.012917377528637582,0.018484958318231243,0.0,0.0,0.018867924528301886,0,,tv_categorical,0.005811304893907617
branche_9,categorical,0.004752620034121375,0.0061616527727437476,0.004752620034121375,0.0061616527727437476,0.5128205128205128,0,,tv_categorical,0.005799202609641168
esg_firma_steuerungs-daten__sperrkennzeichen-selektion__sperrgrund,categorical,0.029246892517669997,0.027546212395795577,0.0,0.0,0.0375,0,,tv_categorical,0.005774998041108363
esg_firma_kapitel-rechtsform-und-gruendung__erste-rechtsform__datum-gruendung__:monat,categorical,0.008530343650987083,0.004711852120333454,0.008530343650987083,0.004711852120333454,0.15714285714285714,0,,tv_categorical,0.005743196418218541
esg_firma_governance__global-compact__quelle,categorical,0.0336339263953205,0.0340703153316419,0.0,0.0,0.028985507246376812,0,,tv_categorical,0.005664354894804243
mobil_anzahl_mobil,categorical,0.3075798196441628,0.30192098586444366,0.3075798196441628,0.30192098586444366,0.0011885895404120444,0,,tv_categorical,0.005658833779719184
esg_firma_firma-esg-score-2__social__weibliche-beschaeftigte,numeric,1.0,0.9996375498368975,1.0,0.9996375498368975,0.011820619059224957,0,0.2762631649771315,psi_numeric,0.005532682805129181
esg_firma_esg-bewertung__input__durchschnitt-beteiligungsdauer,numeric,0.9756275895686083,0.9797027908662559,0.9756275895686083,0.9797027908662559,0.04634024481638771,0,-0.14548503523809708,psi_numeric,0.005451628638980837
esg_firma_social__unfaelle__anzahl,numeric,0.9127467706556178,0.920985864443639,0.9127467706556178,0.920985864443639,0.030307076101468624,0,-0.0528576828463834,psi_numeric,0.005435565741300827
esg_firma_esg-bewertung__input__anzahl-unfaelle,numeric,0.9127467706556178,0.920985864443639,0.9127467706556178,0.920985864443639,0.030307076101468624,0,-0.0528576828463834,psi_numeric,0.005435565741300827
esg_firma_kapitel-bonitaet__bonitaets-index-2_0,numeric,0.9839142091152815,0.9858644436389996,0.9839142091152815,0.9858644436389996,0.03789943027000248,0,0.1048395362464516,psi_numeric,0.005362035575165964
esg_firma_kapitel-standorte__juristischer-sitz__anschrift__plz,numeric,0.9917133804533268,0.9920260964117433,0.9917133804533268,0.9920260964117433,0.3542639469157041,0,0.07886127305057887,psi_numeric,0.005289639382393437
esg_firma_environmental__energie-verbrauch-reduktion__quelle,categorical,0.03339020229100658,0.03515766582094962,0.0,0.0,0.025547445255474453,0,,tv_categorical,0.005276816784755231
esg_firma_kapitel-firmenidentifikation__handelsname,categorical,0.13611991225932243,0.130844508880029,0.0,0.0,0.0008952551477170994,0,,tv_categorical,0.005275403379293442
esg_firma_environmental__energie-verbrauch-reduktion__geplant,categorical,0.035339995125517915,0.03878216745197535,0.0,0.0,0.006896551724137931,0,,tv_categorical,0.005251728837808836
esg_firma_esg-bewertung__input__gemeindeschluessel,categorical,0.9907384840360711,0.9855019934758971,0.0,0.0,0.0001230012300123001,0,,tv_categorical,0.00523649056017408
esg_firma_social__streiks__stattgefunden-quelle,categorical,0.08895929807457957,0.08771293947082276,0.0,0.0,0.009589041095890411,0,,tv_categorical,0.005168823773691856
import_Asien,categorical,0.04691689008042895,0.04566872055092425,0.04691689008042895,0.04566872055092425,0.012987012987012988,0,,tv_categorical,0.005137905529215653
esg_firma_firma-esg-score-2__environmental__abfallmenge,numeric,1.0,0.9996375498368975,1.0,0.9996375498368975,0.004874482086278333,0,0.227671812279414,psi_numeric,0.005101261865938884
esg_firma_social__richtlinie-gegen-kinderarbeit__quelle,categorical,0.04508895929807458,0.04566872055092425,0.0,0.0,0.021621621621621623,0,,tv_categorical,0.005067146918285861
esg_firma_firma-esg-score-2__archiv-input__anzahl-kontrollebene-firma,numeric,1.0,1.0,1.0,1.0,0.002559103095296125,0,-0.018721403118775445,psi_numeric,0.005032570810220989
esg_firma_firma-esg-score-2__archiv-input__gemeindeschluessel,categorical,0.9908603460882281,0.9858644436389996,0.0,0.0,0.00012298610257040955,0,,tv_categorical,0.004995902449228514
esg_firma_firma-esg-score-2__archiv-input__gemeindeschluessel-ort,categorical,0.9908603460882281,0.9858644436389996,0.0,0.0,0.00012298610257040955,0,,tv_categorical,0.004995902449228514
esg_firma_kapitel-handelsregister__qualitaet-letzter-eintrag__zeitpunkt,numeric,0.8019741652449427,0.7955781080101486,0.8019741652449427,0.7955781080101486,0.8092994985564503,0,0.16140866449307414,psi_numeric,0.004825930046926342
produkte_Landwirtschaft & Lebensmittel,categorical,0.00950524006824275,0.012323305545487495,0.00950524006824275,0.012323305545487495,0.10256410256410256,0,,tv_categorical,0.00469617215349199
esg_firma_environmental__wasserverbrauch__reduktion-geplant-quelle,categorical,0.026931513526687788,0.026458861906487857,0.0,0.0,0.03167420814479638,0,,tv_categorical,0.004596703744119905
esg_firma_kapitel-immobilien__weitere-immobilien__belastungsbetrag__wert,categorical,0.0060931026078479165,0.007611453425154041,0.0060931026078479165,0.007611453425154041,0.4,0,,tv_categorical,0.004589990068176488
drd_drdindex_steigung,numeric,0.8179380940775043,0.8039144617615078,0.8179380940775043,0.8039144617615078,0.8089988081048868,0,0.049445062247185305,psi_numeric,0.004566910411739007
esg_firma_steuerungs-daten__anzahl-auskuenfte,numeric,0.9993906897392152,0.9992750996737948,0.9993906897392152,0.9992750996737948,0.10023167906352884,0,-0.14774622753026598,psi_numeric,0.004506874525479047
esg_firma_kapitel-firmenidentifikation__anschrift__hausnummer-zusatz,categorical,0.13867901535461857,0.1431678144255165,0.0,0.0,0.0008787346221441124,0,,tv_categorical,0.004488799070897928
esg_firma_environmental__co2-reduktionsplaene__chancen-oder-risiken,categorical,0.48586400194979285,0.4882203696991664,0.0,0.0,0.0005016302984700275,0,,tv_categorical,0.004454347312767282
esg_firma_kapitel-rechtsform-und-gruendung__aktuelle-rechtsform__schluessel-alte-welt,numeric,1.0,1.0,1.0,1.0,0.0014623446258835,0,-0.04398558189020623,psi_numeric,0.004375813151088402
esg_firma_steuerungs-daten__sperrkennzeichen-selektion__sperre-werbung,categorical,0.029246892517669997,0.02790866255889815,0.029246892517669997,0.02790866255889815,0.008333333333333333,0,,tv_categorical,0.004374931593384105
mitarbeiter_unternehmen_anzahl,numeric,0.9586887643187911,0.9543312794490757,0.9586887643187911,0.9543312794490757,0.0007626795474768018,0,-0.15120625328286702,psi_numeric,0.004338450662054443
esg_firma_environmental__biodiversitaet__quelle,categorical,0.01888861808432854,0.020659659296846683,0.0,0.0,0.04516129032258064,0,,tv_categorical,0.004299226063338056
esg_firma_firma-esg-score-2__environmental__wasserverbrauch,numeric,1.0,0.9996375498368975,1.0,0.9996375498368975,0.013161101632951498,0,-0.03087459465247225,psi_numeric,0.004265316770774851
esg_firma_governance__oecd-richtlinie__quelle,categorical,0.028515720204728246,0.029720913374411018,0.0,0.0,0.021367521367521368,0,,tv_categorical,0.004230234209235444
esg_firma_kapitel-immobilien__miet-angaben__mietflaeche__:genauigkeit,categorical,0.47830855471606143,0.474084813338166,0.0,0.0,0.0007643312101910828,0,,tv_categorical,0.004223741377895413
produkte_Haushaltswaren & Möbel,categorical,0.012308067267852791,0.010148604566872055,0.012308067267852791,0.010148604566872055,0.04950495049504951,0,,tv_categorical,0.004206029640702633
esg_firma_kapitel-standorte__verwaltung__datum-von__:monat,categorical,0.005849378503534,0.007611453425154041,0.005849378503534,0.007611453425154041,0.22916666666666666,0,,tv_categorical,0.004093133879443767
esg_firma_kapitel-standorte__verwaltung__anschrift__herkunft-qualitaet__herkunft,categorical,0.008895929807457957,0.009061254077564335,0.0,0.0,0.0821917808219178,0,,tv_categorical,0.003980679807391717
esg_firma_firma-esg-score-2__archiv-input__anzahl-kontrollebene-person,numeric,1.0,1.0,1.0,1.0,0.0036558615647087496,0,0.08851112684499997,psi_numeric,0.003970422235214833
esg_firma_kapitel-immobilien__miet-angaben__monatsmiete__waehrung,categorical,0.43456007799171337,0.4305907937658572,0.0,0.0,0.00028042624789680314,0,,tv_categorical,0.0039692842258561845
esg_firma_kapitel-standorte__verwaltung__datum-von__:jahr,categorical,0.005971240555690958,0.007611453425154041,0.005971240555690958,0.007611453425154041,0.32653061224489793,0,,tv_categorical,0.003955591860445264
esg_firma_kapitel-immobilien__grundbucheinsicht,categorical,0.2546916890080429,0.2562522653135194,0.2546916890080429,0.2562522653135194,0.0009569377990430622,0,,tv_categorical,0.003849409775129858
esg_firma_esg-bewertung__bewertung__social__score,numeric,1.0,1.0,1.0,1.0,0.5107238605898123,0,0.12701627884853828,psi_numeric,0.0038030827801684612
esg_firma_steuerungs-daten__datum-erfassung,numeric,1.0,1.0,1.0,1.0,0.5976115037777237,0,0.14023334757366565,psi_numeric,0.0037674178253225025
esg_firma_social__richtlinie-gegen-kinderarbeit__vorhanden,categorical,0.04667316597611504,0.047480971366437114,0.0,0.0,0.005221932114882507,0,,tv_categorical,0.0037298003379275906
esg_firma_environmental__photovoltaik__quelle,categorical,0.014379722154521083,0.013410656034795215,0.0,0.0,0.0423728813559322,0,,tv_categorical,0.0037091734519699004
esg_firma_kapitel-firmenidentifikation__grosskundenadresse__plz,categorical,0.0035339995125517913,0.003624501631025734,0.0035339995125517913,0.003624501631025734,0.20689655172413793,0,,tv_categorical,0.003624501631025735
esg_firma_kapitel-firmenidentifikation__grosskundenadresse__herkunft-qualitaet__zeitpunkt,categorical,0.0035339995125517913,0.003624501631025734,0.0035339995125517913,0.003624501631025734,0.20689655172413793,0,,tv_categorical,0.003624501631025735
esg_firma_kapitel-standorte__juristischer-sitz__grosskundenadresse__plz,categorical,0.0035339995125517913,0.003624501631025734,0.0035339995125517913,0.003624501631025734,0.20689655172413793,0,,tv_categorical,0.003624501631025735
esg_firma_kapitel-standorte__juristischer-sitz__grosskundenadresse__herkunft-qualitaet__zeitpunkt,categorical,0.0035339995125517913,0.003624501631025734,0.0035339995125517913,0.003624501631025734,0.20689655172413793,0,,tv_categorical,0.003624501631025735
vertriebsweg_Omnichannel-Vertrieb,categorical,0.009748964172556666,0.0061616527727437476,0.009748964172556666,0.0061616527727437476,0.025,0,,tv_categorical,0.0035873113998129303
esg_firma_kapitel-immobilien__weitere-immobilien__verkehrswert__waehrung,categorical,0.009139653911771874,0.012685755708590069,0.0,0.0,0.013333333333333334,0,,tv_categorical,0.00354610179681822
esg_firma_kapitel-import-export__import,categorical,0.9029978064830612,0.9043131569409206,0.0,0.0,0.0004048582995951417,0,,tv_categorical,0.0035396973033195306
produkte_Energie & Versorgung,categorical,0.007189861077260541,0.010511054729974628,0.007189861077260541,0.010511054729974628,0.0847457627118644,0,,tv_categorical,0.003452463684975959
esg_firma_firma-esg-score-2__social__anteil-frauen-executive,numeric,0.9901291737752864,0.9909387459224357,0.9901291737752864,0.9909387459224357,0.005907692307692307,0,0.0522009174259707,psi_numeric,0.0034124341582084518
esg_firma_firma-esg-score-2__archiv-input__anteil-frauen-management,numeric,0.9901291737752864,0.9913011960855382,0.9901291737752864,0.9913011960855382,0.005907692307692307,0,0.0522009174259707,psi_numeric,0.0033796738045761203
umsatz_unternehmen_anzahl,numeric,0.8569339507677309,0.8633562885103299,0.8569339507677309,0.8633562885103299,0.0008532423208191126,0,-0.11470816133577291,psi_numeric,0.0033332980996687283
zertifikate_Sonstige,categorical,0.006946136972946625,0.003624501631025734,0.006946136972946625,0.003624501631025734,0.03508771929824561,0,,tv_categorical,0.0033216353419208804
export_Afrika,categorical,0.007311723129417499,0.010511054729974628,0.007311723129417499,0.010511054729974628,0.016666666666666666,0,,tv_categorical,0.0031993316005571024
esg_firma_kapitel-kapital-struktur__zusatzinfo-struktur-kg__anzahl-weitere-kommanditisten__wert,categorical,0.04082378747258104,0.039144617615077926,0.04082378747258104,0.039144617615077926,0.014925373134328358,0,,tv_categorical,0.0031289705099134288
esg_firma_esg-bewertung__bewertung__environmental__score,numeric,1.0,1.0,1.0,1.0,0.5371679259078723,0,-0.4223907964080075,psi_numeric,0.003073299302270319
esg_firma_firma-esg-score-2__archiv-input__anzahl-management-firma,numeric,1.0,1.0,1.0,1.0,0.00073117231294175,0,-0.08117507486138414,psi_numeric,0.0030548479753237014
esg_firma_kapitel-standorte__juristischer-sitz__anschrift__hausnummer-zusatz,categorical,0.13721667072873509,0.1402682131206959,0.0,0.0,0.0008880994671403197,0,,tv_categorical,0.0030515423919608153
esg_firma_steuerungs-daten__anzahl-telefonauskuenfte,numeric,0.9993906897392152,0.9992750996737948,0.9993906897392152,0.9992750996737948,0.039263504450676744,0,-0.19267382938139674,psi_numeric,0.0030040725208906474
export_Nordamerika,categorical,0.035827443334145746,0.03878216745197535,0.035827443334145746,0.03878216745197535,0.006802721088435374,0,,tv_categorical,0.0029547241178296017
bezugsjahr,numeric,1.0,1.0,1.0,1.0,0.0012186205215695832,0,0.05712925709075135,psi_numeric,0.002908018826125416
esg_firma_kapitel-rechtsform-und-gruendung__datum-gruendung__:genauigkeit,categorical,0.9862295881062637,0.9891264951069227,0.0,0.0,0.0002471271469170888,0,,tv_categorical,0.0028969070006591028
esg_firma_kapitel-kapital-struktur__zusatzinfo-struktur-kg__summe-weitere-kommanditisten__wert,categorical,0.040945649524738,0.0395070677781805,0.040945649524738,0.0395070677781805,0.01488095238095238,0,,tv_categorical,0.002888382398967808
produkte_Elektronik & IT,categorical,0.022422617596880332,0.021022109459949256,0.022422617596880332,0.021022109459949256,0.043478260869565216,0,,tv_categorical,0.002868683060344359
esg_firma_kapitel-firmenidentifikation__anschrift__hausnummer,categorical,0.9963441384352912,0.9934758970641536,0.0,0.0,0.0001223091976516634,0,,tv_categorical,0.0028682413711375926
vertriebsweg_Multikanalvertrieb,categorical,0.022666341701194248,0.025371511417180137,0.022666341701194248,0.025371511417180137,0.016129032258064516,0,,tv_categorical,0.0028395757416160546
esg_firma_firma-esg-score-2__environmental__risiko-niederschlagsaenderung,numeric,0.9908603460882281,0.9855019934758971,0.9908603460882281,0.9855019934758971,0.02164555405239208,0,0.10770256043155181,psi_numeric,0.0027827178627800086
esg_firma_kapitel-firmenidentifikation__umsatzsteuer-identnummer,categorical,0.8446258834998781,0.8474084813338166,0.0,0.0,0.00014427932477276007,0,,tv_categorical,0.0027825978339384994
esg_firma_kapitel-import-export__import-quote__:genauigkeit,categorical,0.17121618328052646,0.16998912649510692,0.0,0.0,0.002135231316725979,0,,tv_categorical,0.0027799035297769907
export_Mittelamerika,categorical,0.0004874482086278333,0.0032620514679231605,0.0004874482086278333,0.0032620514679231605,0.25,0,,tv_categorical,0.0027746032592953383
esg_firma_esg-bewertung__bewertung__environmental__niederschlagsaenderung,numeric,0.9907384840360711,0.9855019934758971,0.9907384840360711,0.9855019934758971,0.021648216482164823,0,0.10736107572993223,psi_numeric,0.0027379453440073984
esg_firma_firma-esg-score-2__archiv-input__anzahl-management-person,numeric,1.0,1.0,1.0,1.0,0.007311723129417499,0,0.009412052630366579,psi_numeric,0.0027244890621199833
produkte_Diverses/Sonstige,categorical,0.007799171338045333,0.010148604566872055,0.007799171338045333,0.010148604566872055,0.03125,0,,tv_categorical,0.0027212913720342127
esg_firma_Wasser pro Mitarbeiter,numeric,1.0,1.0,1.0,1.0,0.0008530343650987082,0,-0.47019334812452884,psi_numeric,0.0026385983098339174
esg_firma_kapitel-firmenidentifikation__anschrift__name2,categorical,0.49512551791372167,0.49256977165639726,0.0,0.0,0.0002461235540241201,0,,tv_categorical,0.0025557462573243817
esg_firma_kapitel-rechtsform-und-gruendung__geschaeftstaetig-seit__:genauigkeit,categorical,0.9867170363148915,0.9891264951069227,0.0,0.0,0.0002470050636038039,0,,tv_categorical,0.002409458792031218
esg_firma_esg-bewertung__bewertung__governance__berichterstattung,numeric,1.0,1.0,1.0,1.0,0.000365586156470875,0,0.08511780422912872,psi_numeric,0.0023869755319508093
esg_firma_firma-esg-score-2__archiv-input__branchencode,numeric,1.0,1.0,1.0,1.0,0.17109432122836948,0,0.15644137289628451,psi_numeric,0.0022808893402160185
esg_firma_kapitel-rechtsform-und-gruendung__geschaeftstaetig-seit__:jahr,numeric,0.9867170363148915,0.9891264951069227,0.9867170363148915,0.9891264951069227,0.023959491169568976,0,0.09883010895109552,psi_numeric,0.002267580908602145
"produkte_Freizeit, Unterhaltung, Bildung",categorical,0.004387033877650499,0.006524102935846321,0.004387033877650499,0.006524102935846321,0.08333333333333333,0,,tv_categorical,0.0022589311103528107
esg_firma_governance__esg-berichterstattung__extern,categorical,0.36180843285400927,0.36172526277636824,0.0,0.0,0.0006736274840013472,0,,tv_categorical,0.0022534099952676925
esg_firma_esg-bewertung__input__berichterstattung-extern,categorical,0.36180843285400927,0.36172526277636824,0.0,0.0,0.0006736274840013472,0,,tv_categorical,0.0022534099952676925
esg_firma_firma-esg-score-2__archiv-input__anzahl-mitarbeiter-jahr,numeric,0.9465025591030953,0.9528814787966654,0.9465025591030953,0.9528814787966654,0.0005149993562508047,0,-0.06713668565350198,psi_numeric,0.0022029749610944184
esg_firma_kapitel-rechtsform-und-gruendung__datum-gruendung__:jahr,numeric,0.9862295881062637,0.9891264951069227,0.9862295881062637,0.9891264951069227,0.023971333250957617,0,0.09931183558803319,psi_numeric,0.0021633402480213965
esg_firma_kapitel-immobilien__weitere-immobilien__belastung,categorical,0.008286619546673165,0.009061254077564335,0.0,0.0,0.04411764705882353,0,,tv_categorical,0.0021527490250372976
export_Südamerika,categorical,0.006946136972946625,0.009061254077564335,0.006946136972946625,0.009061254077564335,0.017543859649122806,0,,tv_categorical,0.002115117104617679
esg_firma_firma-esg-score-2__social__fluktuationsrate,numeric,1.0,0.9996375498368975,1.0,0.9996375498368975,0.002559103095296125,0,-0.26003196718515675,psi_numeric,0.0021061993446133127
esg_firma_kapitel-standorte__juristischer-sitz__anschrift__hausnummer,categorical,0.985376553741165,0.9833272924972816,0.0,0.0,0.00012367054167697255,0,,tv_categorical,0.0020492612438833798
export_Asien,categorical,0.04606385571533025,0.04530627038782167,0.04606385571533025,0.04530627038782167,0.015873015873015872,0,,tv_categorical,0.002028192668718876
produkte_Handel & Vertrieb,categorical,0.004508895929807458,0.0032620514679231605,0.004508895929807458,0.0032620514679231605,0.05405405405405406,0,,tv_categorical,0.0019717447880894345
esg_firma_kapitel-standorte__verwaltung__anschrift__hausnummer-zusatz,categorical,0.0019497928345113332,0.0,0.0,0.0,0.0625,0,,tv_categorical,0.0019497928345113438
esg_firma_governance__oecd-richtlinie__vorhanden,categorical,0.029125030465513038,0.03008336353751359,0.0,0.0,0.008368200836820083,0,,tv_categorical,0.0019489094560977262
produkte_Verpackung & Logistik,categorical,0.0052400682427492075,0.0061616527727437476,0.0052400682427492075,0.0061616527727437476,0.046511627906976744,0,,tv_categorical,0.0019278408809331863
import_Weltweit,categorical,0.004996344138435292,0.006886553098948894,0.004996344138435292,0.006886553098948894,0.024390243902439025,0,,tv_categorical,0.00189020896051361
esg_firma_esg-bewertung__input__anteil-frauen-kontrolle-prozent,numeric,0.9359005605654399,0.9289597680318956,0.9359005605654399,0.9289597680318956,0.020833333333333332,0,0.10076666632291123,psi_numeric,0.0017956822879334837
esg_firma_environmental__biodiversitaet__vorhanden,categorical,0.01961979039727029,0.02138455962305183,0.0,0.0,0.012422360248447204,0,,tv_categorical,0.0017647692257815777
produkte_Fahrzeuge & Mobilität,categorical,0.008286619546673165,0.007611453425154041,0.008286619546673165,0.007611453425154041,0.058823529411764705,0,,tv_categorical,0.0017499726373536705
esg_firma_environmental__wasserverbrauch__reduktion-geplant,categorical,0.029125030465513038,0.028271112722000724,0.0,0.0,0.008368200836820083,0,,tv_categorical,0.0016939664459310012
esg_firma_kapitel-standorte__verwaltung__anschrift__ort,categorical,0.01389227394589325,0.015585357013410656,0.0,0.0,0.008771929824561403,0,,tv_categorical,0.001693083067517441
esg_firma_kapitel-standorte__verwaltung__anschrift__strasse,categorical,0.01389227394589325,0.015585357013410656,0.0,0.0,0.008771929824561403,0,,tv_categorical,0.001693083067517441
esg_firma_kapitel-standorte__verwaltung__anschrift__land-iso-code,categorical,0.01389227394589325,0.015585357013410656,0.0,0.0,0.017543859649122806,0,,tv_categorical,0.0016930830675174408
esg_firma_kapitel-kapital-struktur__zusatzinfo-struktur-kg__anzahl-weitere-kommanditisten__:genauigkeit,categorical,0.04082378747258104,0.039144617615077926,0.0,0.0,0.0029850746268656717,0,,tv_categorical,0.0016791698575031357
esg_firma_social__kuendigungen__anzahl,numeric,0.8169631976602486,0.7923160565422255,0.8169631976602486,0.7923160565422255,0.03415871121718377,0,-0.1281341957447251,psi_numeric,0.0016045371364669047
esg_firma_esg-bewertung__input__anzahl-kuendigungen-gesamt,numeric,0.8169631976602486,0.7923160565422255,0.8169631976602486,0.7923160565422255,0.03415871121718377,0,-0.1281341957447251,psi_numeric,0.0016045371364669047
esg_firma_esg-bewertung__input__anzahl-eigentuemer,numeric,0.9895198635145016,0.9822399420079739,0.9895198635145016,0.9822399420079739,0.007142857142857143,0,-0.06532495033943818,psi_numeric,0.0015502153053236676
export_Amerika,categorical,0.00950524006824275,0.007973903588256614,0.00950524006824275,0.007973903588256614,0.038461538461538464,0,,tv_categorical,0.00153133647998609
esg_firma_kapitel-immobilien__weitere-immobilien__belastungsbetrag__waehrung,categorical,0.0060931026078479165,0.007611453425154041,0.0,0.0,0.02,0,,tv_categorical,0.001518350817306119
esg_firma_kapitel-geschaefts-gegenstand__gewerbeordnung-34-c,categorical,0.006458688764318791,0.007973903588256614,0.006458688764318791,0.007973903588256614,0.018867924528301886,0,,tv_categorical,0.001515214823937864
esg_firma_esg-bewertung__bewertung__governance__anzahl-eigentuemer,numeric,1.0,1.0,1.0,1.0,0.0028028271996100415,0,-0.06006826267750941,psi_numeric,0.0014633617405173196
esg_firma_kapitel-standorte__verwaltung__anschrift__hausnummer,categorical,0.013770411893736291,0.015222906850308082,0.0,0.0,0.008849557522123894,0,,tv_categorical,0.0014524949565718195
vertriebsweg_Marketing,categorical,0.000365586156470875,0.001812250815512867,0.000365586156470875,0.001812250815512867,0.3333333333333333,0,,tv_categorical,0.001446664659041983
esg_firma_kapitel-kapital-struktur__zusatzinfo-struktur-kg__summe-weitere-kommanditisten__:genauigkeit,categorical,0.040945649524738,0.0395070677781805,0.0,0.0,0.002976190476190476,0,,tv_categorical,0.001438581746557515
esg_firma_kapitel-kapital-struktur__zusatzinfo-struktur-kg__summe-weitere-kommanditisten__waehrung,categorical,0.040945649524738,0.0395070677781805,0.0,0.0,0.002976190476190476,0,,tv_categorical,0.001438581746557515
produkte_Bekleidung & Textil,categorical,0.004508895929807458,0.004711852120333454,0.004508895929807458,0.004711852120333454,0.16216216216216217,0,,tv_categorical,0.0014278486988321924
esg_firma_kapitel-rechtsform-und-gruendung__erste-rechtsform__schluessel-alte-welt,numeric,1.0,1.0,1.0,1.0,0.0014623446258835,0,-0.010512911795258569,psi_numeric,0.0014110936438210204
esg_firma_social__streiks__stattgefunden,categorical,0.09346819400438704,0.09242479159115621,0.0,0.0,0.002607561929595828,0,,tv_categorical,0.0014027165829650584
esg_firma_firma-esg-score-2__governance__anzahl-eigentuemer,numeric,0.9874482086278333,0.9786154403769481,0.9874482086278333,0.9786154403769481,0.004195976798716525,0,-0.08404869836027827,psi_numeric,0.001380711541134274
esg_firma_firma-esg-score-2__governance__anzahl-eigentuemer-punktwert,numeric,0.9874482086278333,0.9786154403769481,0.9874482086278333,0.9786154403769481,0.0009872886585215353,0,-0.08406804128101593,psi_numeric,0.001380711541134274
esg_firma_firma-esg-score-2__archiv-input__anzahl-eigentuemer,numeric,0.9874482086278333,0.9789778905400507,0.9874482086278333,0.9789778905400507,0.004195976798716525,0,-0.08404869836027827,psi_numeric,0.0013691579585323954
esg_firma_esg-bewertung__bewertung__governance__anteil-frauen-kontrollebene,numeric,1.0,1.0,1.0,1.0,0.005605654399220083,0,0.07870826954972568,psi_numeric,0.0013661613841916278
esg_firma_steuerungs-daten__rolle-in-der-lieferung,categorical,1.0,1.0,0.0,0.0,0.00024372410431391665,0,,tv_categorical,0.001340482573726542
esg_firma_steuerungs-daten__sperrkennzeichen-selektion__gesperrt,categorical,0.029246892517669997,0.02790866255889815,0.029246892517669997,0.02790866255889815,0.004166666666666667,0,,tv_categorical,0.0013382299587718551
vertriebsweg_Unklar,categorical,0.0014623446258835,0.0025371511417180137,0.0014623446258835,0.0025371511417180137,0.16666666666666666,0,,tv_categorical,0.001318530620148464
esg_firma_esg-bewertung__bewertung__environmental__transitionsrisiko,numeric,1.0,1.0,1.0,1.0,0.0024372410431391664,0,0.018242064196098185,psi_numeric,0.001301229648981862
esg_firma_firma-esg-score-2__environmental__risiko-ausfallwahrscheinlichkeitsaenderung,numeric,1.0,0.9996375498368975,1.0,0.9996375498368975,0.0024372410431391664,0,0.017956559794914565,psi_numeric,0.0012420928327302458
esg_firma_kapitel-inkasso-akten,categorical,0.14404094564952474,0.14280536426241391,0.0,0.0,0.0008460236886632825,0,,tv_categorical,0.0012355813871108012
zertifikate_Weitere/Auszeichnungen,categorical,0.019376066292956372,0.018847408481333816,0.019376066292956372,0.018847408481333816,0.025157232704402517,0,,tv_categorical,0.001231164495042806
produkte_Dienstleistungen (sonstige),categorical,0.01620765293687546,0.01594780717651323,0.01620765293687546,0.01594780717651323,0.05263157894736842,0,,tv_categorical,0.0012280285016744732
esg_firma_kapitel-standorte__verwaltung__anschrift__ortsteil,categorical,0.0060931026078479165,0.007249003262051468,0.0,0.0,0.02,0,,tv_categorical,0.0011559006542035595
esg_firma_kapitel-standorte__juristischer-sitz__anschrift__strasse,categorical,0.9887886912015599,0.989851395433128,0.0,0.0,0.00012324377618930243,0,,tv_categorical,0.0010627042315680896
esg_firma_esg-bewertung__bewertung__social__fluktuationsquote-freiwillig,numeric,1.0,1.0,1.0,1.0,0.009139653911771874,0,0.10021238668019211,psi_numeric,0.001033923684660914
produkte_Medizin & Gesundheit,categorical,0.005849378503534,0.005436752446538601,0.005849378503534,0.005436752446538601,0.10416666666666667,0,,tv_categorical,0.0010125283376752484
esg_firma_governance__global-compact__vorhanden,categorical,0.03473068486473312,0.03443276549474447,0.0,0.0,0.007017543859649123,0,,tv_categorical,0.0009780324106239305
esg_firma_kapitel-firmenidentifikation__anschrift__name3,categorical,0.1009017791859615,0.10003624501631025,0.0,0.0,0.0012077294685990338,0,,tv_categorical,0.0008655341696512109
import_Amerika,categorical,0.0009748964172556666,0.001812250815512867,0.0009748964172556666,0.001812250815512867,0.125,0,,tv_categorical,0.0008373543982571811
email_anzahl_email,numeric,0.9594199366317329,0.9590431315694092,0.9594199366317329,0.9590431315694092,0.0015241966213641559,0,0.01630546636639809,psi_numeric,0.0007953371253617023
esg_firma_kapitel-kapital-struktur__kapital__wert,categorical,0.00073117231294175,0.0003624501631025734,0.00073117231294175,0.0003624501631025734,0.3333333333333333,0,,tv_categorical,0.000731172312941754
esg_firma_kapitel-negativmerkmale__datum-wohlverhalten,categorical,0.00073117231294175,0.0,0.00073117231294175,0.0,1.0,0,,tv_categorical,0.0007311723129417402
import_Südamerika,categorical,0.00073117231294175,0.0,0.00073117231294175,0.0,0.16666666666666666,0,,tv_categorical,0.0007311723129417401
esg_firma_firma-esg-score-2__social__anteil-frauen-executive-punktwert,numeric,0.9901291737752864,0.9909387459224357,0.9901291737752864,0.9909387459224357,0.002830769230769231,0,-0.03195480390643082,psi_numeric,0.0006578118533883453
esg_firma_steuerungs-daten__datum-vorraetig-bis,numeric,0.9963441384352912,0.997462848858282,0.9963441384352912,0.997462848858282,0.09393346379647749,0,-0.039087445022074965,psi_numeric,0.0006378591522253237
esg_firma_governance__anzahl-eigentuemer__wert,numeric,0.8323178162320254,0.8166002174700978,0.8323178162320254,0.8166002174700978,0.00746705710102489,0,-0.0670187704820294,psi_numeric,0.0006373367860065633
esg_firma_kapitel-geschaefts-gegenstand__nebenberufliche-taetigkeit,categorical,0.010601998537655375,0.011235955056179775,0.010601998537655375,0.011235955056179775,0.011494252873563218,0,,tv_categorical,0.0006339565185243907
import_Nordamerika,categorical,0.012551791372166707,0.013048205871692642,0.012551791372166707,0.013048205871692642,0.019417475728155338,0,,tv_categorical,0.000618276551682914
esg_firma_esg-bewertung__bewertung__governance__korruption-richtlinie,numeric,1.0,1.0,1.0,1.0,0.000365586156470875,0,-0.026583443220744844,psi_numeric,0.0005751810348232935
esg_firma_firma-esg-score-2__governance__anteil-frauen-kontrollebene-punktwert,numeric,0.8569339507677309,0.8535701341065604,0.8569339507677309,0.8535701341065604,0.0035551763367463025,0,0.07349179395597578,psi_numeric,0.0005419177585459672
esg_firma_esg-bewertung__bewertung__social__fluktuationsquote,numeric,1.0,1.0,1.0,1.0,0.009139653911771874,0,0.08826235206369921,psi_numeric,0.0005203129899762624
esg_firma_esg-bewertung__bewertung__social__unfallrate,numeric,1.0,1.0,1.0,1.0,0.01157689495491104,0,0.10826292628566003,psi_numeric,0.0005188604020476084
esg_firma_steuerungs-daten__datum-letzte-auskunft,numeric,0.9950036558615647,0.9945632475534614,0.9950036558615647,0.9945632475534614,0.08965094917330067,0,-0.0934137380372189,psi_numeric,0.00039052052766009877
export_Australien,categorical,0.0018279307823543748,0.0014498006524102935,0.0018279307823543748,0.0014498006524102935,0.06666666666666667,0,,tv_categorical,0.00037813012994405667
esg_firma_kapitel-kapital-struktur__kapital__waehrung,categorical,0.00073117231294175,0.0003624501631025734,0.0,0.0,0.16666666666666666,0,,tv_categorical,0.0003687221498391806
esg_firma_firma-esg-score-2__archiv-input__esg-score-aussetzen,categorical,0.0,0.0003624501631025734,0.0,0.0003624501631025734,0.0,0,,tv_categorical,0.0003624501631025595
export_Ozeanien,categorical,0.003412137460394833,0.003624501631025734,0.003412137460394833,0.003624501631025734,0.07142857142857142,0,,tv_categorical,0.00033422622278789595
import_Ozeanien,categorical,0.0006093102607847916,0.0003624501631025734,0.0006093102607847916,0.0003624501631025734,0.2,0,,tv_categorical,0.0002468600976822424
esg_firma_kapitel-firmenidentifikation__grosskundenadresse__herkunft-qualitaet__herkunft,categorical,0.0012186205215695832,0.0014498006524102935,0.0,0.0,0.1,0,,tv_categorical,0.00023118013084068973
esg_firma_kapitel-standorte__juristischer-sitz__grosskundenadresse__herkunft-qualitaet__herkunft,categorical,0.0012186205215695832,0.0014498006524102935,0.0,0.0,0.1,0,,tv_categorical,0.00023118013084068973
import_Afrika,categorical,0.001584206678040458,0.001812250815512867,0.001584206678040458,0.001812250815512867,0.07692307692307693,0,,tv_categorical,0.00022804413747237924
esg_firma_esg-bewertung__bewertung__governance__bilanz-pruefungsurteil,numeric,1.0,1.0,1.0,1.0,0.0004874482086278333,0,-0.044253302228208856,psi_numeric,0.0002043934975625243
esg_firma_adresse__ort,categorical,0.9998781379478431,1.0,0.0,0.0,0.0001218769043266301,0,,tv_categorical,0.00012186205215693817
import_Mittelamerika,categorical,0.00012186205215695832,0.0,0.00012186205215695832,0.0,1.0,0,,tv_categorical,0.00012186205215693817
esg_firma_kapitel-firmenidentifikation__grosskundenadresse__land-iso-code,categorical,0.0035339995125517913,0.003624501631025734,0.0,0.0,0.034482758620689655,0,,tv_categorical,9.050211847394388e-05
esg_firma_kapitel-firmenidentifikation__grosskundenadresse__ort,categorical,0.0035339995125517913,0.003624501631025734,0.0,0.0,0.034482758620689655,0,,tv_categorical,9.050211847394388e-05
esg_firma_kapitel-standorte__juristischer-sitz__grosskundenadresse__land-iso-code,categorical,0.0035339995125517913,0.003624501631025734,0.0,0.0,0.034482758620689655,0,,tv_categorical,9.050211847394388e-05
esg_firma_kapitel-standorte__juristischer-sitz__grosskundenadresse__ort,categorical,0.0035339995125517913,0.003624501631025734,0.0,0.0,0.034482758620689655,0,,tv_categorical,9.050211847394388e-05
esg_firma_steuerungs-daten__datum-letzte-recherche,numeric,0.9964660004874482,0.997462848858282,0.9964660004874482,0.997462848858282,0.08389384859973095,0,-0.03428080171719846,psi_numeric,7.891259963046e-05
esg_firma_esg-bewertung__bewertung__social__anteil-frauen-management,numeric,1.0,1.0,1.0,1.0,0.020716548866682914,0,-0.010130899946362584,psi_numeric,4.7293918073682326e-05
esg_firma_esg-bewertung__bewertung__governance__berichterstattung-extern,numeric,1.0,1.0,1.0,1.0,0.000365586156470875,0,-0.02514538423422205,psi_numeric,2.3417324720441037e-05
esg_firma_firma-esg-score-2__archiv-input__anzahl-mitarbeiter-konzern,numeric,0.9465025591030953,0.9528814787966654,0.9465025591030953,0.9528814787966654,0.00025749967812540236,0,0.21325650835220702,psi_numeric,0.0
esg_firma_esg-bewertung__bewertung__nicht-darstellen__fluktuationsquote,numeric,1.0,1.0,1.0,1.0,0.00024372410431391665,0,0.20561884875650788,psi_numeric,0.0
esg_firma_esg-bewertung__bewertung__nicht-darstellen__fluktuationsquote-freiwillig,numeric,1.0,1.0,1.0,1.0,0.00024372410431391665,0,0.20561884875650788,psi_numeric,0.0
esg_firma_esg-bewertung__bewertung__nicht-darstellen__weibliche-beschaeftigte,numeric,1.0,1.0,1.0,1.0,0.00024372410431391665,0,0.20561884875650788,psi_numeric,0.0
esg_firma_esg-bewertung__bewertung__nicht-darstellen__anteil-frauen-management,numeric,1.0,1.0,1.0,1.0,0.00024372410431391665,0,0.20561884875650788,psi_numeric,0.0
esg_firma_esg-bewertung__bewertung__nicht-darstellen__anteil-frauen-kontrollebene,numeric,1.0,1.0,1.0,1.0,0.00024372410431391665,0,0.20561884875650788,psi_numeric,0.0
esg_firma_esg-bewertung__punktwert-branchendurchschnitt__berichterstattung,numeric,1.0,1.0,1.0,1.0,0.00024372410431391665,0,0.20246665235002215,psi_numeric,0.0
konzern,numeric,1.0,1.0,1.0,1.0,0.00024372410431391665,0,0.2013388496215659,psi_numeric,0.0
esg_firma_esg-bewertung__input__anzahl-eigentuemer-quelle-archiv,numeric,1.0,1.0,1.0,1.0,0.00024372410431391665,0,0.18362213287107035,psi_numeric,0.0
esg_firma_esg-bewertung__punktwert-branchendurchschnitt__fluktuationsquote-freiwillig,numeric,1.0,1.0,1.0,1.0,0.00024372410431391665,0,0.16053094072431873,psi_numeric,0.0
esg_firma_firma-esg-score-2__social__anteil-frauen-executive-nicht-darstellen,numeric,1.0,0.9996375498368975,1.0,0.9996375498368975,0.00024372410431391665,0,0.15669950675546962,psi_numeric,0.0
esg_firma_firma-esg-score-2__social__weibliche-beschaeftigte-nicht-darstellen,numeric,1.0,0.9996375498368975,1.0,0.9996375498368975,0.00024372410431391665,0,0.15669950675546962,psi_numeric,0.0
esg_firma_firma-esg-score-2__social__fluktuationsrate-nicht-darstellen,numeric,1.0,0.9996375498368975,1.0,0.9996375498368975,0.00024372410431391665,0,0.15669950675546962,psi_numeric,0.0
esg_firma_firma-esg-score-2__governance__anteil-frauen-kontrollebene-nicht-darstellen,numeric,1.0,0.9996375498368975,1.0,0.9996375498368975,0.00024372410431391665,0,0.15669950675546962,psi_numeric,0.0
esg_firma_esg-bewertung__punktwert-branchendurchschnitt__elektrizitaetsverbrauch-pro-kopf,numeric,1.0,1.0,1.0,1.0,0.00024372410431391665,0,0.12490060478808918,psi_numeric,0.0
esg_firma_esg-bewertung__input__durchschnitt-beteiligungsdauer-quelle-archiv,numeric,1.0,1.0,1.0,1.0,0.00024372410431391665,0,0.1202281960917873,psi_numeric,0.0
esg_firma_esg-bewertung__input__anteil-frauen-kontrolle-quelle-archiv,numeric,1.0,1.0,1.0,1.0,0.00024372410431391665,0,0.11937222522106807,psi_numeric,0.0
esg_firma_esg-bewertung__punktwert-branchendurchschnitt__weibliche-beschaeftigte,numeric,1.0,1.0,1.0,1.0,0.00024372410431391665,0,0.11832753617459121,psi_numeric,0.0
esg_firma_esg-bewertung__punktwert-branchendurchschnitt__fluktuationsquote,numeric,1.0,1.0,1.0,1.0,0.00024372410431391665,0,0.09963604246940981,psi_numeric,0.0
esg_firma_esg-bewertung__input__bilanz-pruefungsurteil-enum-quelle-archiv,numeric,1.0,1.0,1.0,1.0,0.00024372410431391665,0,0.09445596611198016,psi_numeric,0.0
esg_firma_esg-bewertung__punktwert-branchendurchschnitt__durchschnitt-beteiligungsdauer,numeric,1.0,1.0,1.0,1.0,0.00024372410431391665,0,0.07550122765353573,psi_numeric,0.0
esg_firma_esg-bewertung__punktwert-branchendurchschnitt__anzahl-eigentuemer,numeric,1.0,1.0,1.0,1.0,0.00024372410431391665,0,0.06634918357609447,psi_numeric,0.0
esg_firma_esg-bewertung__punktwert-branchendurchschnitt__unfallrate,numeric,1.0,1.0,1.0,1.0,0.00024372410431391665,0,0.06513337324523683,psi_numeric,0.0
esg_firma_esg-bewertung__input__anzahl-mitarbeiter-quelle-branche,numeric,1.0,1.0,1.0,1.0,0.00024372410431391665,0,0.049116024650461804,psi_numeric,0.0
esg_firma_esg-bewertung__bewertung__social__gemeinnuetzigkeit,numeric,1.0,1.0,1.0,1.0,0.00024372410431391665,0,0.039202656499386083,psi_numeric,0.0
esg_firma_esg-bewertung__input__gemeinnuetzig,numeric,1.0,1.0,1.0,1.0,0.00024372410431391665,0,0.039202656499386083,psi_numeric,0.0
esg_firma_firma-esg-score-2__social__gemeinnuetzigkeit-unternehmen,numeric,1.0,0.9996375498368975,1.0,0.9996375498368975,0.00024372410431391665,0,0.039202656499386083,psi_numeric,0.0
esg_firma_firma-esg-score-2__archiv-input__gemeinnuetzig,numeric,1.0,1.0,1.0,1.0,0.00024372410431391665,0,0.039202656499386083,psi_numeric,0.0
esg_firma_esg-bewertung__punktwert-branchendurchschnitt__korruption-richtlinie,numeric,1.0,1.0,1.0,1.0,0.00024372410431391665,0,0.03601882428333028,psi_numeric,0.0
esg_firma_esg-bewertung__punktwert-branchendurchschnitt__berichterstattung-extern,numeric,1.0,1.0,1.0,1.0,0.00024372410431391665,0,0.027879583699048416,psi_numeric,0.0
internet_anzahl_internet,numeric,0.8858152571289301,0.8760420442189198,0.8858152571289301,0.8760420442189198,0.0008254230293025176,0,0.027182343246725305,psi_numeric,0.0
telefon_anzahl_telefon,numeric,0.9287106994881794,0.9177238129757158,0.9287106994881794,0.9177238129757158,0.0007872982548222018,0,0.022300201883108023,psi_numeric,0.0
esg_firma_esg-bewertung__punktwert-branchendurchschnitt__anteil-frauen-management,numeric,1.0,1.0,1.0,1.0,0.00024372410431391665,0,0.022150431843687847,psi_numeric,0.0
esg_firma_esg-bewertung__punktwert-branchendurchschnitt__durchschnitt-alter-management,numeric,1.0,1.0,1.0,1.0,0.00024372410431391665,0,0.003411083595320172,psi_numeric,0.0
esg_firma_anlage__zeitpunkt,numeric,1.0,1.0,1.0,1.0,0.9313916646356325,0,0.0018256466199297167,psi_numeric,0.0
esg_firma_esg-bewertung__input__anzahl-mitarbeiter-quelle-archiv,numeric,1.0,1.0,1.0,1.0,0.00024372410431391665,0,-0.004567796223929828,psi_numeric,0.0
esg_firma_esg-bewertung__punktwert-branchendurchschnitt__abfallrecyclingquote,numeric,1.0,1.0,1.0,1.0,0.00024372410431391665,0,-0.0060948902019338684,psi_numeric,0.0
esg_firma_firma-esg-score-3__keine-automatische-vorbelegung,numeric,1.0,1.0,1.0,1.0,0.00024372410431391665,0,-0.009605154170762499,psi_numeric,0.0
esg_firma_esg-bewertung__punktwert-branchendurchschnitt__bilanz-pruefungsurteil,numeric,1.0,1.0,1.0,1.0,0.00024372410431391665,0,-0.021669160249248195,psi_numeric,0.0
esg_firma_esg-bewertung__punktwert-branchendurchschnitt__anteil-frauen-kontrollebene,numeric,1.0,1.0,1.0,1.0,0.00024372410431391665,0,-0.031883433629464435,psi_numeric,0.0
esg_firma_esg-bewertung__input__anteil-frauen-fuehrung-ohne-mittleres-management-quelle-archiv,numeric,1.0,1.0,1.0,1.0,0.00024372410431391665,0,-0.03526054031375669,psi_numeric,0.0
esg_firma_steuerungs-daten__datum-letzte-archivaenderung,numeric,1.0,1.0,1.0,1.0,0.8373141603704607,0,-0.04412537737966018,psi_numeric,0.0
branche_branchenart,numeric,1.0,1.0,1.0,1.0,0.000365586156470875,0,-0.05666473916994685,psi_numeric,0.0
esg_firma_esg-bewertung__punktwert-branchendurchschnitt__abfallmenge-pro-kopf,numeric,1.0,1.0,1.0,1.0,0.00024372410431391665,0,-0.08108498793749315,psi_numeric,0.0
esg_firma_esg-bewertung__punktwert-branchendurchschnitt__co2-emissionen-pro-kopf,numeric,1.0,1.0,1.0,1.0,0.00024372410431391665,0,-0.16515947545197737,psi_numeric,0.0
esg_firma_bester-eintrag,numeric,1.0,1.0,1.0,1.0,0.00012186205215695832,0,,psi_numeric,0.0
esg_firma_fuer-auskunft-gesperrt,numeric,1.0,1.0,1.0,1.0,0.00012186205215695832,0,,psi_numeric,0.0
esg_firma_automatische-vorbelegung,numeric,1.0,1.0,1.0,1.0,0.00012186205215695832,0,,psi_numeric,0.0
esg_firma_environmental__wasserverbrauch__einheit,numeric,0.9976846210090178,0.9960130482058717,0.9259078722885693,0.9093874592243566,0.00036643459142543056,0,,psi_numeric,0.0
esg_firma_esg-bewertung__punktwert-branchendurchschnitt__wasserverbrauch-pro-kopf,numeric,1.0,1.0,1.0,1.0,0.00012186205215695832,0,,psi_numeric,0.0
esg_firma_esg-bewertung__grund-keine-bewertung,categorical,0.0,0.0,0.0,0.0,0.0,0,,tv_categorical,0.0
esg_firma_mc-key,categorical,0.0,0.0,0.0,0.0,0.0,0,,tv_categorical,0.0
esg_firma_mc-zeitpunkt,categorical,0.0,0.0,0.0,0.0,0.0,0,,tv_categorical,0.0
esg_firma_lieferung_date,numeric,1.0,1.0,1.0,1.0,0.0008530343650987082,0,,psi_numeric,0.0
esg_firma_steuerungs-daten__provisorisch,numeric,1.0,1.0,1.0,1.0,0.00012186205215695832,0,,psi_numeric,0.0
esg_firma_kapitel-firmenidentifikation__firmierung,categorical,1.0,1.0,0.0,0.0,0.00012186205215695832,0,,tv_categorical,0.0
esg_firma_kapitel-firmenidentifikation__anschrift__ort,categorical,1.0,1.0,0.0,0.0,0.00012186205215695832,0,,tv_categorical,0.0
esg_firma_kapitel-firmenidentifikation__anschrift__strasse,categorical,1.0,1.0,0.0,0.0,0.00012186205215695832,0,,tv_categorical,0.0
esg_firma_kapitel-firmenidentifikation__anschrift__name1,categorical,1.0,1.0,0.0,0.0,0.00012186205215695832,0,,tv_categorical,0.0
esg_firma_kapitel-standorte__juristischer-sitz__anschrift__ort,categorical,1.0,1.0,0.0,0.0,0.00012186205215695832,0,,tv_categorical,0.0
esg_firma_firma-esg-score-2__version-key,numeric,1.0,1.0,1.0,1.0,0.00012186205215695832,0,,psi_numeric,0.0
esg_firma_firma-esg-score-2__governance__anzahl-eigentuemer-nicht-darstellen,numeric,1.0,0.9996375498368975,1.0,0.9996375498368975,0.00012186205215695832,0,,psi_numeric,0.0
esg_firma_steuerungs-daten__sperrkennzeichen-auskunft__gesperrt,categorical,0.0,0.0,0.0,0.0,0.0,0,,tv_categorical,0.0
esg_firma_steuerungs-daten__sperrkennzeichen-auskunft__sperre-werbung,categorical,0.0,0.0,0.0,0.0,0.0,0,,tv_categorical,0.0
esg_firma_steuerungs-daten__sperrkennzeichen-auskunft__sperrgrund,categorical,0.0,0.0,0.0,0.0,0.0,0,,tv_categorical,0.0
esg_firma_kapitel-negativmerkmale__datum-restschuldbefreiung,categorical,0.0,0.0,0.0,0.0,0.0,0,,tv_categorical,0.0
esg_firma_steuerungs-daten__sperrkennzeichen-loesch__gesperrt,categorical,0.0,0.0,0.0,0.0,0.0,0,,tv_categorical,0.0
esg_firma_steuerungs-daten__sperrkennzeichen-loesch__sperre-werbung,categorical,0.0,0.0,0.0,0.0,0.0,0,,tv_categorical,0.0
esg_firma_steuerungs-daten__sperrkennzeichen-loesch__sperrgrund,categorical,0.0,0.0,0.0,0.0,0.0,0,,tv_categorical,0.0
esg_firma_kapitel-bonitaet__bonitaets-index-1_0,categorical,0.0,0.0,0.0,0.0,0.0,0,,tv_categorical,0.0
esg_firma_kapitel-standorte__verwaltung__postfachadresse__land-iso-code,categorical,0.0,0.0,0.0,0.0,0.0,0,,tv_categorical,0.0
esg_firma_kapitel-standorte__verwaltung__postfachadresse__plz,categorical,0.0,0.0,0.0,0.0,0.0,0,,tv_categorical,0.0
esg_firma_kapitel-standorte__verwaltung__postfachadresse__ort,categorical,0.0,0.0,0.0,0.0,0.0,0,,tv_categorical,0.0
esg_firma_kapitel-standorte__verwaltung__postfachadresse__herkunft-qualitaet__herkunft,categorical,0.0,0.0,0.0,0.0,0.0,0,,tv_categorical,0.0
esg_firma_kapitel-standorte__verwaltung__postfachadresse__herkunft-qualitaet__zeitpunkt,categorical,0.0,0.0,0.0,0.0,0.0,0,,tv_categorical,0.0
esg_firma_kapitel-standorte__verwaltung__postfachadresse__postfach,categorical,0.0,0.0,0.0,0.0,0.0,0,,tv_categorical,0.0
esg_firma_kapitel-standorte__juristischer-sitz__datum-bis__:jahr,categorical,0.0,0.0,0.0,0.0,0.0,0,,tv_categorical,0.0
esg_firma_kapitel-standorte__juristischer-sitz__datum-bis__:monat,categorical,0.0,0.0,0.0,0.0,0.0,0,,tv_categorical,0.0
esg_firma_kapitel-standorte__juristischer-sitz__datum-bis__:tag,categorical,0.0,0.0,0.0,0.0,0.0,0,,tv_categorical,0.0
